Workbook

Sheet Dashboard
A1: ApplyAbroadLab.com | PhD & Postdoc Application Tracker | P1: Chart data (auto)
A2: Command center for a graduate application campaign | Every card, chart and list below recalculates automatically | Click any card or row to jump to its source
P3: Country | Q3: Count
A4: KEY METRICS | J4: QUICK NAVIGATION | P4: Netherlands | Q4: =COUNTIF('Position Database'!$D$4:$D$200,$P4) -> 6
B5: Target Positions | C5: Emails Sent | D5: Replies Received | E5: Response Rate | F5: Overdue Follow-ups | G5: Upcoming Interviews | H5: Final Acceptances | J5: ▶ Position Database | P5: Sweden | Q5: =COUNTIF('Position Database'!$D$4:$D$200,$P5) -> 3
B6: =COUNTA('Position Database'!$B$4:$B$200) -> 20 | C6: =COUNTA('Communication Tracker'!$E$4:$E$200) -> 20 | D6: =COUNTA('Response Management'!$D$4:$D$119) -> 10 | E6: =IFERROR(COUNTA('Response Management'!$D$4:$D$119)/COUNTA('Communication Tracker'!$E$4:$E$200),0) -> 0.5 | F6: =COUNTIF('Communication Tracker'!$M$4:$M$200,">14") -> 8 | G6: =COUNTIF('Response Management'!$E$4:$E$119,"Interview Invitation") -> 2 | H6: =COUNTIF('Response Management'!$E$4:$E$119,"Accepted") -> 1 | J6: ▶ Communication Tracker | P6: Denmark | Q6: =COUNTIF('Position Database'!$D$4:$D$200,$P6) -> 2
J7: ▶ Response Management | P7: Luxembourg | Q7: =COUNTIF('Position Database'!$D$4:$D$200,$P7) -> 2
B8: POSITIONS BY COUNTRY → Position Database | F8: OUTREACH STATUS → Communication Tracker | J8: ▶ Follow-up Alerts | P8: Switzerland | Q8: =COUNTIF('Position Database'!$D$4:$D$200,$P8) -> 1
J9: ▶ Email Templates | P9: Germany | Q9: =COUNTIF('Position Database'!$D$4:$D$200,$P9) -> 1
J10: ▶ How It Works | P10: Belgium | Q10: =COUNTIF('Position Database'!$D$4:$D$200,$P10) -> 1
P11: Finland | Q11: =COUNTIF('Position Database'!$D$4:$D$200,$P11) -> 1
P12: Norway | Q12: =COUNTIF('Position Database'!$D$4:$D$200,$P12) -> 1
J13: UPCOMING DEADLINES | P13: France | Q13: =COUNTIF('Position Database'!$D$4:$D$200,$P13) -> 1
J14: University | Position | K14: Days | P14: United Kingdom | Q14: =COUNTIF('Position Database'!$D$4:$D$200,$P14) -> 1
J15: =IFERROR(HYPERLINK("#'Position Database'!A"&(MATCH(1,'Position Database'!$Q$4:$Q$200,0)+3),INDEX('Position Database'!$C$4:$C$200,MATCH(1,'Position Database'!$Q$4:$Q$200,0))&" | "&INDEX('Position Database'!$B$4:$B$200,MATCH(1,'Position Database'!$Q$4:$Q$200,0))),"") -> Vrije Universiteit Amsterdam | Post Doc: Learning Interactions in Collective Cell Migration | K15: =IFERROR(INDEX('Position Database'!$J$4:$J$200,MATCH(1,'Position Database'!$Q$4:$Q$200,0)),"") -> 2
J16: =IFERROR(HYPERLINK("#'Position Database'!A"&(MATCH(2,'Position Database'!$Q$4:$Q$200,0)+3),INDEX('Position Database'!$C$4:$C$200,MATCH(2,'Position Database'!$Q$4:$Q$200,0))&" | "&INDEX('Position Database'!$B$4:$B$200,MATCH(2,'Position Database'!$Q$4:$Q$200,0))),"") -> Radboud University | PhD Position: Beyond the Odds - Pathways to Gambling-Related Harm | K16: =IFERROR(INDEX('Position Database'!$J$4:$J$200,MATCH(2,'Position Database'!$Q$4:$Q$200,0)),"") -> 2
J17: =IFERROR(HYPERLINK("#'Position Database'!A"&(MATCH(3,'Position Database'!$Q$4:$Q$200,0)+3),INDEX('Position Database'!$C$4:$C$200,MATCH(3,'Position Database'!$Q$4:$Q$200,0))&" | "&INDEX('Position Database'!$B$4:$B$200,MATCH(3,'Position Database'!$Q$4:$Q$200,0))),"") -> NTNU | PhD Candidate in Children's Media in English (CLEAR Group) | K17: =IFERROR(INDEX('Position Database'!$J$4:$J$200,MATCH(3,'Position Database'!$Q$4:$Q$200,0)),"") -> 2 | P17: Status | Q17: Count
J18: =IFERROR(HYPERLINK("#'Position Database'!A"&(MATCH(4,'Position Database'!$Q$4:$Q$200,0)+3),INDEX('Position Database'!$C$4:$C$200,MATCH(4,'Position Database'!$Q$4:$Q$200,0))&" | "&INDEX('Position Database'!$B$4:$B$200,MATCH(4,'Position Database'!$Q$4:$Q$200,0))),"") -> University of Helsinki | Postdoctoral Fellows in Proteomics: Neurodevelopment and Cancer | K18: =IFERROR(INDEX('Position Database'!$J$4:$J$200,MATCH(4,'Position Database'!$Q$4:$Q$200,0)),"") -> 2 | P18: Sent | Q18: =COUNTIF('Communication Tracker'!$O$4:$O$200,$P18) -> 5
J19: =IFERROR(HYPERLINK("#'Position Database'!A"&(MATCH(5,'Position Database'!$Q$4:$Q$200,0)+3),INDEX('Position Database'!$C$4:$C$200,MATCH(5,'Position Database'!$Q$4:$Q$200,0))&" | "&INDEX('Position Database'!$B$4:$B$200,MATCH(5,'Position Database'!$Q$4:$Q$200,0))),"") -> Uppsala University | Doctoral Student in Environmental Law Specialising in Nuclear Power | K19: =IFERROR(INDEX('Position Database'!$J$4:$J$200,MATCH(5,'Position Database'!$Q$4:$Q$200,0)),"") -> 3 | P19: No Reply | Q19: =COUNTIF('Communication Tracker'!$O$4:$O$200,$P19) -> 5
J20: =IFERROR(HYPERLINK("#'Position Database'!A"&(MATCH(6,'Position Database'!$Q$4:$Q$200,0)+3),INDEX('Position Database'!$C$4:$C$200,MATCH(6,'Position Database'!$Q$4:$Q$200,0))&" | "&INDEX('Position Database'!$B$4:$B$200,MATCH(6,'Position Database'!$Q$4:$Q$200,0))),"") -> Institut Imagine | Two Postdoctoral Positions in Mitochondrial Cell Biology | K20: =IFERROR(INDEX('Position Database'!$J$4:$J$200,MATCH(6,'Position Database'!$Q$4:$Q$200,0)),"") -> 4 | P20: Positive Reply | Q20: =COUNTIF('Communication Tracker'!$O$4:$O$200,$P20) -> 2
J21: =IFERROR(HYPERLINK("#'Position Database'!A"&(MATCH(7,'Position Database'!$Q$4:$Q$200,0)+3),INDEX('Position Database'!$C$4:$C$200,MATCH(7,'Position Database'!$Q$4:$Q$200,0))&" | "&INDEX('Position Database'!$B$4:$B$200,MATCH(7,'Position Database'!$Q$4:$Q$200,0))),"") -> Amsterdam UMC | MSCA-DN PhD in Pharmacological Therapy for Leukodystrophies | K21: =IFERROR(INDEX('Position Database'!$J$4:$J$200,MATCH(7,'Position Database'!$Q$4:$Q$200,0)),"") -> 7 | P21: Neutral Reply | Q21: =COUNTIF('Communication Tracker'!$O$4:$O$200,$P21) -> 3
J22: =IFERROR(HYPERLINK("#'Position Database'!A"&(MATCH(8,'Position Database'!$Q$4:$Q$200,0)+3),INDEX('Position Database'!$C$4:$C$200,MATCH(8,'Position Database'!$Q$4:$Q$200,0))&" | "&INDEX('Position Database'!$B$4:$B$200,MATCH(8,'Position Database'!$Q$4:$Q$200,0))),"") -> Technical University of Denmark | Postdoc: Multiphysics Modelling of Laser-Regolith Interaction (Moon) | K22: =IFERROR(INDEX('Position Database'!$J$4:$J$200,MATCH(8,'Position Database'!$Q$4:$Q$200,0)),"") -> 8 | P22: Rejected | Q22: =COUNTIF('Communication Tracker'!$O$4:$O$200,$P22) -> 2
P23: Interview Invitation | Q23: =COUNTIF('Communication Tracker'!$O$4:$O$200,$P23) -> 2
P24: Accepted | Q24: =COUNTIF('Communication Tracker'!$O$4:$O$200,$P24) -> 1
B27: APPLICATION FUNNEL → Response Management | F27: PHD VS POSTDOC → Position Database | P27: Level | Q27: Count
P28: PhD | Q28: =COUNTIF('Position Database'!$F$4:$F$200,$P28) -> 11
P29: Postdoc | Q29: =COUNTIF('Position Database'!$F$4:$F$200,$P29) -> 9
P32: Stage | Q32: Count
P33: 1. Emails sent | Q33: =COUNTA('Communication Tracker'!$E$4:$E$200) -> 20
P34: 2. Replies received | Q34: =COUNTA('Response Management'!$D$4:$D$119) -> 10
P35: 3. Interview invitations | Q35: =COUNTIF('Response Management'!$E$4:$E$119,"Interview Invitation") -> 2
P36: 4. Final acceptances | Q36: =COUNTIF('Response Management'!$E$4:$E$119,"Accepted") -> 1
A46: NEEDS FOLLOW-UP NOW — top 8 most overdue, pulled live from the Communication Tracker
A47: # | B47: Position Title | C47: University | D47: Country | E47: Days Since | F47: Status | G47: Next Follow-up
A48: 1 | B48: =IFERROR(HYPERLINK("#'Communication Tracker'!A"&(MATCH(1,'Communication Tracker'!$Q$4:$Q$200,0)+3),INDEX('Communication Tracker'!$B$4:$B$200,MATCH(1,'Communication Tracker'!$Q$4:$Q$200,0))),"") -> MSCA-DN PhD in Pharmacological Therapy for Leukodystrophies | C48: =IFERROR(INDEX('Communication Tracker'!$C$4:$C$200,MATCH(1,'Communication Tracker'!$Q$4:$Q$200,0)),"") -> Amsterdam UMC | D48: =IFERROR(INDEX('Communication Tracker'!$D$4:$D$200,MATCH(1,'Communication Tracker'!$Q$4:$Q$200,0)),"") -> Netherlands | E48: =IFERROR(INDEX('Communication Tracker'!$M$4:$M$200,MATCH(1,'Communication Tracker'!$Q$4:$Q$200,0)),"") -> 35 | F48: =IFERROR(INDEX('Communication Tracker'!$O$4:$O$200,MATCH(1,'Communication Tracker'!$Q$4:$Q$200,0)),"") -> No Reply | G48: =IFERROR(INDEX('Communication Tracker'!$N$4:$N$200,MATCH(1,'Communication Tracker'!$Q$4:$Q$200,0)),"") -> 46272
A49: 2 | B49: =IFERROR(HYPERLINK("#'Communication Tracker'!A"&(MATCH(2,'Communication Tracker'!$Q$4:$Q$200,0)+3),INDEX('Communication Tracker'!$B$4:$B$200,MATCH(2,'Communication Tracker'!$Q$4:$Q$200,0))),"") -> PhD Candidate: Multi-Methods Project on Negation Across Languages | C49: =IFERROR(INDEX('Communication Tracker'!$C$4:$C$200,MATCH(2,'Communication Tracker'!$Q$4:$Q$200,0)),"") -> University of Amsterdam | D49: =IFERROR(INDEX('Communication Tracker'!$D$4:$D$200,MATCH(2,'Communication Tracker'!$Q$4:$Q$200,0)),"") -> Netherlands | E49: =IFERROR(INDEX('Communication Tracker'!$M$4:$M$200,MATCH(2,'Communication Tracker'!$Q$4:$Q$200,0)),"") -> 33 | F49: =IFERROR(INDEX('Communication Tracker'!$O$4:$O$200,MATCH(2,'Communication Tracker'!$Q$4:$Q$200,0)),"") -> Neutral Reply | G49: =IFERROR(INDEX('Communication Tracker'!$N$4:$N$200,MATCH(2,'Communication Tracker'!$Q$4:$Q$200,0)),"") -> 46274
A50: 3 | B50: =IFERROR(HYPERLINK("#'Communication Tracker'!A"&(MATCH(3,'Communication Tracker'!$Q$4:$Q$200,0)+3),INDEX('Communication Tracker'!$B$4:$B$200,MATCH(3,'Communication Tracker'!$Q$4:$Q$200,0))),"") -> Postdoctoral Fellows in Proteomics: Neurodevelopment and Cancer | C50: =IFERROR(INDEX('Communication Tracker'!$C$4:$C$200,MATCH(3,'Communication Tracker'!$Q$4:$Q$200,0)),"") -> University of Helsinki | D50: =IFERROR(INDEX('Communication Tracker'!$D$4:$D$200,MATCH(3,'Communication Tracker'!$Q$4:$Q$200,0)),"") -> Finland | E50: =IFERROR(INDEX('Communication Tracker'!$M$4:$M$200,MATCH(3,'Communication Tracker'!$Q$4:$Q$200,0)),"") -> 27 | F50: =IFERROR(INDEX('Communication Tracker'!$O$4:$O$200,MATCH(3,'Communication Tracker'!$Q$4:$Q$200,0)),"") -> Neutral Reply | G50: =IFERROR(INDEX('Communication Tracker'!$N$4:$N$200,MATCH(3,'Communication Tracker'!$Q$4:$Q$200,0)),"") -> 46280
A51: 4 | B51: =IFERROR(HYPERLINK("#'Communication Tracker'!A"&(MATCH(4,'Communication Tracker'!$Q$4:$Q$200,0)+3),INDEX('Communication Tracker'!$B$4:$B$200,MATCH(4,'Communication Tracker'!$Q$4:$Q$200,0))),"") -> PhD: Microfluidics to Observe and Manipulate Coacervate Droplets | C51: =IFERROR(INDEX('Communication Tracker'!$C$4:$C$200,MATCH(4,'Communication Tracker'!$Q$4:$Q$200,0)),"") -> University of Groningen | D51: =IFERROR(INDEX('Communication Tracker'!$D$4:$D$200,MATCH(4,'Communication Tracker'!$Q$4:$Q$200,0)),"") -> Netherlands | E51: =IFERROR(INDEX('Communication Tracker'!$M$4:$M$200,MATCH(4,'Communication Tracker'!$Q$4:$Q$200,0)),"") -> 25 | F51: =IFERROR(INDEX('Communication Tracker'!$O$4:$O$200,MATCH(4,'Communication Tracker'!$Q$4:$Q$200,0)),"") -> No Reply | G51: =IFERROR(INDEX('Communication Tracker'!$N$4:$N$200,MATCH(4,'Communication Tracker'!$Q$4:$Q$200,0)),"") -> 46282
A52: 5 | B52: =IFERROR(HYPERLINK("#'Communication Tracker'!A"&(MATCH(5,'Communication Tracker'!$Q$4:$Q$200,0)+3),INDEX('Communication Tracker'!$B$4:$B$200,MATCH(5,'Communication Tracker'!$Q$4:$Q$200,0))),"") -> Postdoc in Synthesis and Crystal Growth of Molecular Conductors | C52: =IFERROR(INDEX('Communication Tracker'!$C$4:$C$200,MATCH(5,'Communication Tracker'!$Q$4:$Q$200,0)),"") -> Chalmers University of Technology | D52: =IFERROR(INDEX('Communication Tracker'!$D$4:$D$200,MATCH(5,'Communication Tracker'!$Q$4:$Q$200,0)),"") -> Sweden | E52: =IFERROR(INDEX('Communication Tracker'!$M$4:$M$200,MATCH(5,'Communication Tracker'!$Q$4:$Q$200,0)),"") -> 18 | F52: =IFERROR(INDEX('Communication Tracker'!$O$4:$O$200,MATCH(5,'Communication Tracker'!$Q$4:$Q$200,0)),"") -> Interview Invitation | G52: =IFERROR(INDEX('Communication Tracker'!$N$4:$N$200,MATCH(5,'Communication Tracker'!$Q$4:$Q$200,0)),"") -> 46289
A53: 6 | B53: =IFERROR(HYPERLINK("#'Communication Tracker'!A"&(MATCH(6,'Communication Tracker'!$Q$4:$Q$200,0)+3),INDEX('Communication Tracker'!$B$4:$B$200,MATCH(6,'Communication Tracker'!$Q$4:$Q$200,0))),"") -> Research Associate in Steel Structures and Sustainable Design | C53: =IFERROR(INDEX('Communication Tracker'!$C$4:$C$200,MATCH(6,'Communication Tracker'!$Q$4:$Q$200,0)),"") -> University of Sheffield | D53: =IFERROR(INDEX('Communication Tracker'!$D$4:$D$200,MATCH(6,'Communication Tracker'!$Q$4:$Q$200,0)),"") -> United Kingdom | E53: =IFERROR(INDEX('Communication Tracker'!$M$4:$M$200,MATCH(6,'Communication Tracker'!$Q$4:$Q$200,0)),"") -> 16 | F53: =IFERROR(INDEX('Communication Tracker'!$O$4:$O$200,MATCH(6,'Communication Tracker'!$Q$4:$Q$200,0)),"") -> No Reply | G53: =IFERROR(INDEX('Communication Tracker'!$N$4:$N$200,MATCH(6,'Communication Tracker'!$Q$4:$Q$200,0)),"") -> 46291
A54: 7 | B54: =IFERROR(HYPERLINK("#'Communication Tracker'!A"&(MATCH(7,'Communication Tracker'!$Q$4:$Q$200,0)+3),INDEX('Communication Tracker'!$B$4:$B$200,MATCH(7,'Communication Tracker'!$Q$4:$Q$200,0))),"") -> Doctoral Fellow: Lunar Resource Production (LuMoCX / ERC) | C54: =IFERROR(INDEX('Communication Tracker'!$C$4:$C$200,MATCH(7,'Communication Tracker'!$Q$4:$Q$200,0)),"") -> Ghent University | D54: =IFERROR(INDEX('Communication Tracker'!$D$4:$D$200,MATCH(7,'Communication Tracker'!$Q$4:$Q$200,0)),"") -> Belgium | E54: =IFERROR(INDEX('Communication Tracker'!$M$4:$M$200,MATCH(7,'Communication Tracker'!$Q$4:$Q$200,0)),"") -> 16 | F54: =IFERROR(INDEX('Communication Tracker'!$O$4:$O$200,MATCH(7,'Communication Tracker'!$Q$4:$Q$200,0)),"") -> No Reply | G54: =IFERROR(INDEX('Communication Tracker'!$N$4:$N$200,MATCH(7,'Communication Tracker'!$Q$4:$Q$200,0)),"") -> 46291
A55: 8 | B55: =IFERROR(HYPERLINK("#'Communication Tracker'!A"&(MATCH(8,'Communication Tracker'!$Q$4:$Q$200,0)+3),INDEX('Communication Tracker'!$B$4:$B$200,MATCH(8,'Communication Tracker'!$Q$4:$Q$200,0))),"") -> Postdoc: Multiphysics Modelling of Laser-Regolith Interaction (Moon) | C55: =IFERROR(INDEX('Communication Tracker'!$C$4:$C$200,MATCH(8,'Communication Tracker'!$Q$4:$Q$200,0)),"") -> Technical University of Denmark | D55: =IFERROR(INDEX('Communication Tracker'!$D$4:$D$200,MATCH(8,'Communication Tracker'!$Q$4:$Q$200,0)),"") -> Denmark | E55: =IFERROR(INDEX('Communication Tracker'!$M$4:$M$200,MATCH(8,'Communication Tracker'!$Q$4:$Q$200,0)),"") -> 15 | F55: =IFERROR(INDEX('Communication Tracker'!$O$4:$O$200,MATCH(8,'Communication Tracker'!$Q$4:$Q$200,0)),"") -> Neutral Reply | G55: =IFERROR(INDEX('Communication Tracker'!$N$4:$N$200,MATCH(8,'Communication Tracker'!$Q$4:$Q$200,0)),"") -> 46292
A56: Tip: update Status and dates in the Communication Tracker and deadlines in the Position Database - every card, chart and list on this page recalculates automatically. The full alert list is in Follow-up Alerts.

Sheet Position Database
A1: Position Database
A2: One row per target position. Fill in the white cells; grey cells are calculated automatically. | N2: ◀ Back to Dashboard
A3: ID | B3: Position Title | C3: University | D3: Country | E3: City | F3: Level | G3: Research Area | H3: Funding | I3: Deadline | J3: Days to Deadline | K3: Priority | L3: Supervisor | M3: Supervisor Email | N3: Posting Link | O3: Notes | Q3: deadline rank
A4: 1 | B4: Post Doc: Learning Interactions in Collective Cell Migration | C4: Vrije Universiteit Amsterdam | D4: Netherlands | E4: Amsterdam | F4: Postdoc | G4: Physics | H4: Fully Funded | I4: 46295 | J4: =IF(I4="","",I4-TODAY()) -> 2 | K4: High | N4: https://www.academictransfer.com/en/jobs/362788/post-doc-learning-interactions-in-collective-cell-migration/ | Q4: =IF(AND($A4<>"",ISNUMBER(J4),J4>=0),COUNTIFS($J$4:$J$200,">=0",$J$4:$J$200,"<"&J4)+COUNTIF($J$4:J4,J4),"") -> 1
A5: 2 | B5: MSCA-DN PhD in Pharmacological Therapy for Leukodystrophies | C5: Amsterdam UMC | D5: Netherlands | E5: Amsterdam | F5: PhD | G5: Medical Sciences; Neurosciences | H5: Fully Funded | I5: 46300 | J5: =IF(I5="","",I5-TODAY()) -> 7 | K5: Medium | N5: https://www.academictransfer.com/en/jobs/363691/msca-dn-phd-in-pharmacological-therapy-for-leukodystrophies-rome-it/ | Q5: =IF(AND($A5<>"",ISNUMBER(J5),J5>=0),COUNTIFS($J$4:$J$200,">=0",$J$4:$J$200,"<"&J5)+COUNTIF($J$4:J5,J5),"") -> 7
A6: 3 | B6: PhD Positions in Human-Centred Artificial Intelligence | C6: Aalborg University | D6: Denmark | E6: Aalborg | F6: PhD | G6: Human-Centred AI | H6: Fully Funded | I6: 46339 | J6: =IF(I6="","",I6-TODAY()) -> 46 | K6: Low | N6: https://aau.varbi.com/en/what:job/jobID:972965/ | Q6: =IF(AND($A6<>"",ISNUMBER(J6),J6>=0),COUNTIFS($J$4:$J$200,">=0",$J$4:$J$200,"<"&J6)+COUNTIF($J$4:J6,J6),"") -> 15
A7: 4 | B7: PhD Candidate: Multi-Methods Project on Negation Across Languages | C7: University of Amsterdam | D7: Netherlands | E7: Amsterdam | F7: PhD | G7: Language Sciences; Psychology | H7: Fully Funded | I7: 46307 | J7: =IF(I7="","",I7-TODAY()) -> 14 | K7: High | N7: https://www.academictransfer.com/en/jobs/363542/phd-candidate-within-a-multi-methods-project-on-negation-across-languages/ | Q7: =IF(AND($A7<>"",ISNUMBER(J7),J7>=0),COUNTIFS($J$4:$J$200,">=0",$J$4:$J$200,"<"&J7)+COUNTIF($J$4:J7,J7),"") -> 10
A8: 5 | B8: PhD Position: Beyond the Odds - Pathways to Gambling-Related Harm | C8: Radboud University | D8: Netherlands | E8: Nijmegen | F8: PhD | G8: Economics; Psychology | H8: Fully Funded | I8: 46295 | J8: =IF(I8="","",I8-TODAY()) -> 2 | K8: Medium | N8: https://www.academictransfer.com/en/jobs/363826/phd-position-beyond-the-odds-unravelling-pathways-to-gambling-related-harm/ | Q8: =IF(AND($A8<>"",ISNUMBER(J8),J8>=0),COUNTIFS($J$4:$J$200,">=0",$J$4:$J$200,"<"&J8)+COUNTIF($J$4:J8,J8),"") -> 2
A9: 6 | B9: PhD Position in Time-Reflection of Subwavelength THz Waves | C9: ETH Zurich | D9: Switzerland | E9: Zurich | F9: PhD | G9: Physics - Applied Physics | H9: Not Stated | J9: =IF(I9="","",I9-TODAY()) | K9: Low | N9: https://www.jobs.ethz.ch/job/en/JOPG_ethz_VLtNEC6HFLUrmk6007?mw_source=academicpositions | Q9: =IF(AND($A9<>"",ISNUMBER(J9),J9>=0),COUNTIFS($J$4:$J$200,">=0",$J$4:$J$200,"<"&J9)+COUNTIF($J$4:J9,J9),"")
A10: 7 | B10: Postdoc in Machine Learning and Surrogate Modelling | C10: University of Luxembourg | D10: Luxembourg | E10: Esch-sur-Alzette | F10: Postdoc | G10: Computer Science - AI | H10: Fully Funded | J10: =IF(I10="","",I10-TODAY()) | K10: High | N10: https://www.uni.lu/en/jobs/postdoc-in-machine-learning-and-surrogate-modelling/ | Q10: =IF(AND($A10<>"",ISNUMBER(J10),J10>=0),COUNTIFS($J$4:$J$200,">=0",$J$4:$J$200,"<"&J10)+COUNTIF($J$4:J10,J10),"")
A11: 8 | B11: PhD: Microfluidics to Observe and Manipulate Coacervate Droplets | C11: University of Groningen | D11: Netherlands | E11: Groningen | F11: PhD | G11: Engineering; Biological Sciences | H11: Fully Funded | I11: 46306 | J11: =IF(I11="","",I11-TODAY()) -> 13 | K11: Medium | N11: https://www.academictransfer.com/en/jobs/363590/phd-position-using-microfluidics-to-observe-and-manipulate-coacervate-droplets/ | Q11: =IF(AND($A11<>"",ISNUMBER(J11),J11>=0),COUNTIFS($J$4:$J$200,">=0",$J$4:$J$200,"<"&J11)+COUNTIF($J$4:J11,J11),"") -> 9
A12: 9 | B12: Two Postdoctoral Positions in Mitochondrial Cell Biology | C12: Institut Imagine | D12: France | E12: Paris | F12: Postdoc | G12: Biology | H12: Fully Funded | I12: 46297 | J12: =IF(I12="","",I12-TODAY()) -> 4 | K12: Low | N12: https://www.welcometothejungle.com/fr/companies/institut-imagine/jobs/two-2-postdoctoral-positions-in-mitochondrial-cell-biology_paris | Q12: =IF(AND($A12<>"",ISNUMBER(J12),J12>=0),COUNTIFS($J$4:$J$200,">=0",$J$4:$J$200,"<"&J12)+COUNTIF($J$4:J12,J12),"") -> 6
A13: 10 | B13: Doctoral Student in Environmental Law Specialising in Nuclear Power | C13: Uppsala University | D13: Sweden | E13: Uppsala | F13: PhD | G13: Environmental Law | H13: Fully Funded | I13: 46296 | J13: =IF(I13="","",I13-TODAY()) -> 3 | K13: High | N13: https://uu.varbi.com/en/what:job/jobID:953285/ | Q13: =IF(AND($A13<>"",ISNUMBER(J13),J13>=0),COUNTIFS($J$4:$J$200,">=0",$J$4:$J$200,"<"&J13)+COUNTIF($J$4:J13,J13),"") -> 5
A14: 11 | B14: PhD in Integrated Circuit Group on Transceivers for Optical Communications | C14: Eindhoven University of Technology | D14: Netherlands | E14: Eindhoven | F14: PhD | G14: Engineering | H14: Fully Funded | I14: 46313 | J14: =IF(I14="","",I14-TODAY()) -> 20 | K14: Medium | N14: https://www.academictransfer.com/en/jobs/364085/phd-in-the-integrated-circuit-group-on-transceivers-for-optical-communications/ | Q14: =IF(AND($A14<>"",ISNUMBER(J14),J14>=0),COUNTIFS($J$4:$J$200,">=0",$J$4:$J$200,"<"&J14)+COUNTIF($J$4:J14,J14),"") -> 12
A15: 12 | B15: Postdoc in Structural Analysis of Carbon Materials for Energy Storage | C15: Uppsala University | D15: Sweden | E15: Uppsala | F15: Postdoc | G15: Carbon Materials; Electrochemistry | H15: Not Stated | I15: 46321 | J15: =IF(I15="","",I15-TODAY()) -> 28 | K15: Low | N15: https://uu.varbi.com/en/what:job/jobID:972884/ | Q15: =IF(AND($A15<>"",ISNUMBER(J15),J15>=0),COUNTIFS($J$4:$J$200,">=0",$J$4:$J$200,"<"&J15)+COUNTIF($J$4:J15,J15),"") -> 14
A16: 13 | B16: Postdoc: Multiphysics Modelling of Laser-Regolith Interaction (Moon) | C16: Technical University of Denmark | D16: Denmark | E16: Kongens Lyngby | F16: Postdoc | G16: Mechanical Engineering; Space | H16: Not Stated | I16: 46301 | J16: =IF(I16="","",I16-TODAY()) -> 8 | K16: High | N16: https://efzu.fa.em2.oraclecloud.com/hcmUI/CandidateExperience/en/sites/CX_2001/job/8059/ | Q16: =IF(AND($A16<>"",ISNUMBER(J16),J16>=0),COUNTIFS($J$4:$J$200,">=0",$J$4:$J$200,"<"&J16)+COUNTIF($J$4:J16,J16),"") -> 8
A17: 14 | B17: Postdoctoral Researcher in Quantum Communications | C17: University of Luxembourg | D17: Luxembourg | E17: Esch-sur-Alzette | F17: Postdoc | G17: Physics - Quantum Optics | H17: Fully Funded | J17: =IF(I17="","",I17-TODAY()) | K17: Medium | N17: https://www.uni.lu/en/jobs/postdoctoral-researcher-in-quantum-communications/ | Q17: =IF(AND($A17<>"",ISNUMBER(J17),J17>=0),COUNTIFS($J$4:$J$200,">=0",$J$4:$J$200,"<"&J17)+COUNTIF($J$4:J17,J17),"")
A18: 15 | B18: Research Associate in Steel Structures and Sustainable Design | C18: University of Sheffield | D18: United Kingdom | E18: Sheffield | F18: Postdoc | G18: Civil Engineering | H18: Fully Funded | I18: 46317 | J18: =IF(I18="","",I18-TODAY()) -> 24 | K18: Low | N18: https://university-of-sheffield.contactrh.com/jobs/11046/44464617 | Q18: =IF(AND($A18<>"",ISNUMBER(J18),J18>=0),COUNTIFS($J$4:$J$200,">=0",$J$4:$J$200,"<"&J18)+COUNTIF($J$4:J18,J18),"") -> 13
A19: 16 | B19: Postdoc in Synthesis and Crystal Growth of Molecular Conductors | C19: Chalmers University of Technology | D19: Sweden | E19: Gothenburg | F19: Postdoc | G19: Chemistry; Materials Chemistry | H19: Fully Funded | I19: 46310 | J19: =IF(I19="","",I19-TODAY()) -> 17 | K19: High | L19: Daniel Weber | M19: daniel.weber@chalmers.se | N19: https://www.chalmers.se/en/about-chalmers/work-with-us/vacancies/?rmpage=job&rmjob=15046&rmlang=UK | Q19: =IF(AND($A19<>"",ISNUMBER(J19),J19>=0),COUNTIFS($J$4:$J$200,">=0",$J$4:$J$200,"<"&J19)+COUNTIF($J$4:J19,J19),"") -> 11
A20: 17 | B20: PhD Candidate in Children's Media in English (CLEAR Group) | C20: NTNU | D20: Norway | E20: Trondheim | F20: PhD | G20: Children's Media Studies | H20: Not Stated | I20: 46295 | J20: =IF(I20="","",I20-TODAY()) -> 2 | K20: Medium | N20: https://www.jobbnorge.no/en/available-jobs/job/306713/phd-candidate-in-childrens-media-in-english | Q20: =IF(AND($A20<>"",ISNUMBER(J20),J20>=0),COUNTIFS($J$4:$J$200,">=0",$J$4:$J$200,"<"&J20)+COUNTIF($J$4:J20,J20),"") -> 3
A21: 18 | B21: PhD: Chemical Activity of Air Pollutants via Laser Spectroscopy | C21: Forschungszentrum Jülich | D21: Germany | E21: Jülich | F21: PhD | G21: Environmental Chemistry | H21: Not Stated | J21: =IF(I21="","",I21-TODAY()) | K21: Low | N21: https://recruiting.fz-juelich.de/jobposting/feb0efc501ddc3d5ab9b2c01d600e59045c7cff90 | Q21: =IF(AND($A21<>"",ISNUMBER(J21),J21>=0),COUNTIFS($J$4:$J$200,">=0",$J$4:$J$200,"<"&J21)+COUNTIF($J$4:J21,J21),"")
A22: 19 | B22: Doctoral Fellow: Lunar Resource Production (LuMoCX / ERC) | C22: Ghent University | D22: Belgium | E22: Ghent | F22: PhD | G22: Space Resources | H22: Not Stated | I22: 46363 | J22: =IF(I22="","",I22-TODAY()) -> 70 | K22: High | N22: https://www.ugent.be/en/work/scientific/doctoral-fellow-137 | Q22: =IF(AND($A22<>"",ISNUMBER(J22),J22>=0),COUNTIFS($J$4:$J$200,">=0",$J$4:$J$200,"<"&J22)+COUNTIF($J$4:J22,J22),"") -> 16
A23: 20 | B23: Postdoctoral Fellows in Proteomics: Neurodevelopment and Cancer | C23: University of Helsinki | D23: Finland | E23: Helsinki | F23: Postdoc | G23: Proteomics; Biomedical Science | H23: Not Stated | I23: 46295 | J23: =IF(I23="","",I23-TODAY()) -> 2 | K23: Medium | N23: https://jobs.helsinki.fi/job/Helsinki-Postdoctoral-Research-Fellows-in-Proteomics/1370111857/ | Q23: =IF(AND($A23<>"",ISNUMBER(J23),J23>=0),COUNTIFS($J$4:$J$200,">=0",$J$4:$J$200,"<"&J23)+COUNTIF($J$4:J23,J23),"") -> 4
J24: =IF(I24="","",I24-TODAY()) | Q24: =IF(AND($A24<>"",ISNUMBER(J24),J24>=0),COUNTIFS($J$4:$J$200,">=0",$J$4:$J$200,"<"&J24)+COUNTIF($J$4:J24,J24),"")
J25: =IF(I25="","",I25-TODAY()) | Q25: =IF(AND($A25<>"",ISNUMBER(J25),J25>=0),COUNTIFS($J$4:$J$200,">=0",$J$4:$J$200,"<"&J25)+COUNTIF($J$4:J25,J25),"")
J26: =IF(I26="","",I26-TODAY()) | Q26: =IF(AND($A26<>"",ISNUMBER(J26),J26>=0),COUNTIFS($J$4:$J$200,">=0",$J$4:$J$200,"<"&J26)+COUNTIF($J$4:J26,J26),"")
J27: =IF(I27="","",I27-TODAY()) | Q27: =IF(AND($A27<>"",ISNUMBER(J27),J27>=0),COUNTIFS($J$4:$J$200,">=0",$J$4:$J$200,"<"&J27)+COUNTIF($J$4:J27,J27),"")
J28: =IF(I28="","",I28-TODAY()) | Q28: =IF(AND($A28<>"",ISNUMBER(J28),J28>=0),COUNTIFS($J$4:$J$200,">=0",$J$4:$J$200,"<"&J28)+COUNTIF($J$4:J28,J28),"")
J29: =IF(I29="","",I29-TODAY()) | Q29: =IF(AND($A29<>"",ISNUMBER(J29),J29>=0),COUNTIFS($J$4:$J$200,">=0",$J$4:$J$200,"<"&J29)+COUNTIF($J$4:J29,J29),"")
J30: =IF(I30="","",I30-TODAY()) | Q30: =IF(AND($A30<>"",ISNUMBER(J30),J30>=0),COUNTIFS($J$4:$J$200,">=0",$J$4:$J$200,"<"&J30)+COUNTIF($J$4:J30,J30),"")
J31: =IF(I31="","",I31-TODAY()) | Q31: =IF(AND($A31<>"",ISNUMBER(J31),J31>=0),COUNTIFS($J$4:$J$200,">=0",$J$4:$J$200,"<"&J31)+COUNTIF($J$4:J31,J31),"")
J32: =IF(I32="","",I32-TODAY()) | Q32: =IF(AND($A32<>"",ISNUMBER(J32),J32>=0),COUNTIFS($J$4:$J$200,">=0",$J$4:$J$200,"<"&J32)+COUNTIF($J$4:J32,J32),"")
J33: =IF(I33="","",I33-TODAY()) | Q33: =IF(AND($A33<>"",ISNUMBER(J33),J33>=0),COUNTIFS($J$4:$J$200,">=0",$J$4:$J$200,"<"&J33)+COUNTIF($J$4:J33,J33),"")
J34: =IF(I34="","",I34-TODAY()) | Q34: =IF(AND($A34<>"",ISNUMBER(J34),J34>=0),COUNTIFS($J$4:$J$200,">=0",$J$4:$J$200,"<"&J34)+COUNTIF($J$4:J34,J34),"")
J35: =IF(I35="","",I35-TODAY()) | Q35: =IF(AND($A35<>"",ISNUMBER(J35),J35>=0),COUNTIFS($J$4:$J$200,">=0",$J$4:$J$200,"<"&J35)+COUNTIF($J$4:J35,J35),"")
... J200: =IF(I200="","",I200-TODAY()) | Q200: =IF(AND($A200<>"",ISNUMBER(J200),J200>=0),COUNTIFS($J$4:$J$200,">=0",$J$4:$J$200,"<"&J200)+COUNTIF($J$4:J200,J200),"")

Sheet Communication Tracker
A1: Communication Tracker
A2: Pick the position ID from the drop-down; title, university and country fill in automatically. Dates as yyyy-mm-dd. The follow-up clock stops when a case is closed. | N2: ◀ Back to Dashboard
A3: ID | B3: Position Title | C3: University | D3: Country | E3: First Email | F3: Template | G3: CV Version | H3: Proposal Version | I3: Follow-up 1 | J3: Follow-up 2 | K3: Follow-up 3 | L3: Last Contact | M3: Days Since | N3: Next Follow-up | O3: Status | Q3: urgency rank
A4: 1 | B4: =IFERROR(INDEX('Position Database'!B:B,MATCH($A4,'Position Database'!$A:$A,0)),"") -> Post Doc: Learning Interactions in Collective Cell Migration | C4: =IFERROR(INDEX('Position Database'!C:C,MATCH($A4,'Position Database'!$A:$A,0)),"") -> Vrije Universiteit Amsterdam | D4: =IFERROR(INDEX('Position Database'!D:D,MATCH($A4,'Position Database'!$A:$A,0)),"") -> Netherlands | E4: 46239 | F4: Template A | G4: CV_v4 | H4: Prop_v2 | I4: 46253 | J4: 46267 | L4: =IF(COUNT(E4,I4,J4,K4)=0,"",MAX(E4,I4,J4,K4)) -> 46267 | M4: =IF(OR($A4="",NOT(ISNUMBER(L4))),"",IF(OR(O4="Positive Reply",O4="Accepted",O4="Rejected"),"",TODAY()-L4)) | N4: =IF(OR($A4="",NOT(ISNUMBER(L4))),"",IF(OR(O4="Positive Reply",O4="Accepted",O4="Rejected"),"",L4+14)) | O4: Positive Reply | Q4: =IF(AND($A4<>"",ISNUMBER(M4)),COUNTIF($M$4:$M$200,">"&M4)+COUNTIF($M$4:M4,M4),"")
A5: 2 | B5: =IFERROR(INDEX('Position Database'!B:B,MATCH($A5,'Position Database'!$A:$A,0)),"") -> MSCA-DN PhD in Pharmacological Therapy for Leukodystrophies | C5: =IFERROR(INDEX('Position Database'!C:C,MATCH($A5,'Position Database'!$A:$A,0)),"") -> Amsterdam UMC | D5: =IFERROR(INDEX('Position Database'!D:D,MATCH($A5,'Position Database'!$A:$A,0)),"") -> Netherlands | E5: 46244 | F5: Template A | G5: CV_v4 | H5: Prop_v2 | I5: 46258 | L5: =IF(COUNT(E5,I5,J5,K5)=0,"",MAX(E5,I5,J5,K5)) -> 46258 | M5: =IF(OR($A5="",NOT(ISNUMBER(L5))),"",IF(OR(O5="Positive Reply",O5="Accepted",O5="Rejected"),"",TODAY()-L5)) -> 35 | N5: =IF(OR($A5="",NOT(ISNUMBER(L5))),"",IF(OR(O5="Positive Reply",O5="Accepted",O5="Rejected"),"",L5+14)) -> 46272 | O5: No Reply | Q5: =IF(AND($A5<>"",ISNUMBER(M5)),COUNTIF($M$4:$M$200,">"&M5)+COUNTIF($M$4:M5,M5),"") -> 1
A6: 3 | B6: =IFERROR(INDEX('Position Database'!B:B,MATCH($A6,'Position Database'!$A:$A,0)),"") -> PhD Positions in Human-Centred Artificial Intelligence | C6: =IFERROR(INDEX('Position Database'!C:C,MATCH($A6,'Position Database'!$A:$A,0)),"") -> Aalborg University | D6: =IFERROR(INDEX('Position Database'!D:D,MATCH($A6,'Position Database'!$A:$A,0)),"") -> Denmark | E6: 46280 | F6: Template B | G6: CV_v5 | H6: Prop_v3 | L6: =IF(COUNT(E6,I6,J6,K6)=0,"",MAX(E6,I6,J6,K6)) -> 46280 | M6: =IF(OR($A6="",NOT(ISNUMBER(L6))),"",IF(OR(O6="Positive Reply",O6="Accepted",O6="Rejected"),"",TODAY()-L6)) -> 13 | N6: =IF(OR($A6="",NOT(ISNUMBER(L6))),"",IF(OR(O6="Positive Reply",O6="Accepted",O6="Rejected"),"",L6+14)) -> 46294 | O6: Sent | Q6: =IF(AND($A6<>"",ISNUMBER(M6)),COUNTIF($M$4:$M$200,">"&M6)+COUNTIF($M$4:M6,M6),"") -> 9
A7: 4 | B7: =IFERROR(INDEX('Position Database'!B:B,MATCH($A7,'Position Database'!$A:$A,0)),"") -> PhD Candidate: Multi-Methods Project on Negation Across Languages | C7: =IFERROR(INDEX('Position Database'!C:C,MATCH($A7,'Position Database'!$A:$A,0)),"") -> University of Amsterdam | D7: =IFERROR(INDEX('Position Database'!D:D,MATCH($A7,'Position Database'!$A:$A,0)),"") -> Netherlands | E7: 46246 | F7: Template B | G7: CV_v4 | I7: 46260 | L7: =IF(COUNT(E7,I7,J7,K7)=0,"",MAX(E7,I7,J7,K7)) -> 46260 | M7: =IF(OR($A7="",NOT(ISNUMBER(L7))),"",IF(OR(O7="Positive Reply",O7="Accepted",O7="Rejected"),"",TODAY()-L7)) -> 33 | N7: =IF(OR($A7="",NOT(ISNUMBER(L7))),"",IF(OR(O7="Positive Reply",O7="Accepted",O7="Rejected"),"",L7+14)) -> 46274 | O7: Neutral Reply | Q7: =IF(AND($A7<>"",ISNUMBER(M7)),COUNTIF($M$4:$M$200,">"&M7)+COUNTIF($M$4:M7,M7),"") -> 2
A8: 5 | B8: =IFERROR(INDEX('Position Database'!B:B,MATCH($A8,'Position Database'!$A:$A,0)),"") -> PhD Position: Beyond the Odds - Pathways to Gambling-Related Harm | C8: =IFERROR(INDEX('Position Database'!C:C,MATCH($A8,'Position Database'!$A:$A,0)),"") -> Radboud University | D8: =IFERROR(INDEX('Position Database'!D:D,MATCH($A8,'Position Database'!$A:$A,0)),"") -> Netherlands | E8: 46231 | F8: Template A | G8: CV_v3 | H8: Prop_v1 | I8: 46245 | J8: 46259 | K8: 46273 | L8: =IF(COUNT(E8,I8,J8,K8)=0,"",MAX(E8,I8,J8,K8)) -> 46273 | M8: =IF(OR($A8="",NOT(ISNUMBER(L8))),"",IF(OR(O8="Positive Reply",O8="Accepted",O8="Rejected"),"",TODAY()-L8)) | N8: =IF(OR($A8="",NOT(ISNUMBER(L8))),"",IF(OR(O8="Positive Reply",O8="Accepted",O8="Rejected"),"",L8+14)) | O8: Rejected | Q8: =IF(AND($A8<>"",ISNUMBER(M8)),COUNTIF($M$4:$M$200,">"&M8)+COUNTIF($M$4:M8,M8),"")
A9: 6 | B9: =IFERROR(INDEX('Position Database'!B:B,MATCH($A9,'Position Database'!$A:$A,0)),"") -> PhD Position in Time-Reflection of Subwavelength THz Waves | C9: =IFERROR(INDEX('Position Database'!C:C,MATCH($A9,'Position Database'!$A:$A,0)),"") -> ETH Zurich | D9: =IFERROR(INDEX('Position Database'!D:D,MATCH($A9,'Position Database'!$A:$A,0)),"") -> Switzerland | E9: 46266 | F9: Template B | G9: CV_v5 | H9: Prop_v3 | I9: 46280 | L9: =IF(COUNT(E9,I9,J9,K9)=0,"",MAX(E9,I9,J9,K9)) -> 46280 | M9: =IF(OR($A9="",NOT(ISNUMBER(L9))),"",IF(OR(O9="Positive Reply",O9="Accepted",O9="Rejected"),"",TODAY()-L9)) -> 13 | N9: =IF(OR($A9="",NOT(ISNUMBER(L9))),"",IF(OR(O9="Positive Reply",O9="Accepted",O9="Rejected"),"",L9+14)) -> 46294 | O9: Interview Invitation | Q9: =IF(AND($A9<>"",ISNUMBER(M9)),COUNTIF($M$4:$M$200,">"&M9)+COUNTIF($M$4:M9,M9),"") -> 10
A10: 7 | B10: =IFERROR(INDEX('Position Database'!B:B,MATCH($A10,'Position Database'!$A:$A,0)),"") -> Postdoc in Machine Learning and Surrogate Modelling | C10: =IFERROR(INDEX('Position Database'!C:C,MATCH($A10,'Position Database'!$A:$A,0)),"") -> University of Luxembourg | D10: =IFERROR(INDEX('Position Database'!D:D,MATCH($A10,'Position Database'!$A:$A,0)),"") -> Luxembourg | E10: 46283 | F10: Custom | G10: CV_v5 | H10: Prop_v3 | L10: =IF(COUNT(E10,I10,J10,K10)=0,"",MAX(E10,I10,J10,K10)) -> 46283 | M10: =IF(OR($A10="",NOT(ISNUMBER(L10))),"",IF(OR(O10="Positive Reply",O10="Accepted",O10="Rejected"),"",TODAY()-L10)) -> 10 | N10: =IF(OR($A10="",NOT(ISNUMBER(L10))),"",IF(OR(O10="Positive Reply",O10="Accepted",O10="Rejected"),"",L10+14)) -> 46297 | O10: Sent | Q10: =IF(AND($A10<>"",ISNUMBER(M10)),COUNTIF($M$4:$M$200,">"&M10)+COUNTIF($M$4:M10,M10),"") -> 11
A11: 8 | B11: =IFERROR(INDEX('Position Database'!B:B,MATCH($A11,'Position Database'!$A:$A,0)),"") -> PhD: Microfluidics to Observe and Manipulate Coacervate Droplets | C11: =IFERROR(INDEX('Position Database'!C:C,MATCH($A11,'Position Database'!$A:$A,0)),"") -> University of Groningen | D11: =IFERROR(INDEX('Position Database'!D:D,MATCH($A11,'Position Database'!$A:$A,0)),"") -> Netherlands | E11: 46254 | F11: Template A | G11: CV_v4 | H11: Prop_v2 | I11: 46268 | L11: =IF(COUNT(E11,I11,J11,K11)=0,"",MAX(E11,I11,J11,K11)) -> 46268 | M11: =IF(OR($A11="",NOT(ISNUMBER(L11))),"",IF(OR(O11="Positive Reply",O11="Accepted",O11="Rejected"),"",TODAY()-L11)) -> 25 | N11: =IF(OR($A11="",NOT(ISNUMBER(L11))),"",IF(OR(O11="Positive Reply",O11="Accepted",O11="Rejected"),"",L11+14)) -> 46282 | O11: No Reply | Q11: =IF(AND($A11<>"",ISNUMBER(M11)),COUNTIF($M$4:$M$200,">"&M11)+COUNTIF($M$4:M11,M11),"") -> 4
A12: 9 | B12: =IFERROR(INDEX('Position Database'!B:B,MATCH($A12,'Position Database'!$A:$A,0)),"") -> Two Postdoctoral Positions in Mitochondrial Cell Biology | C12: =IFERROR(INDEX('Position Database'!C:C,MATCH($A12,'Position Database'!$A:$A,0)),"") -> Institut Imagine | D12: =IFERROR(INDEX('Position Database'!D:D,MATCH($A12,'Position Database'!$A:$A,0)),"") -> France | E12: 46259 | F12: Template B | G12: CV_v4 | I12: 46273 | L12: =IF(COUNT(E12,I12,J12,K12)=0,"",MAX(E12,I12,J12,K12)) -> 46273 | M12: =IF(OR($A12="",NOT(ISNUMBER(L12))),"",IF(OR(O12="Positive Reply",O12="Accepted",O12="Rejected"),"",TODAY()-L12)) | N12: =IF(OR($A12="",NOT(ISNUMBER(L12))),"",IF(OR(O12="Positive Reply",O12="Accepted",O12="Rejected"),"",L12+14)) | O12: Positive Reply | Q12: =IF(AND($A12<>"",ISNUMBER(M12)),COUNTIF($M$4:$M$200,">"&M12)+COUNTIF($M$4:M12,M12),"")
A13: 10 | B13: =IFERROR(INDEX('Position Database'!B:B,MATCH($A13,'Position Database'!$A:$A,0)),"") -> Doctoral Student in Environmental Law Specialising in Nuclear Power | C13: =IFERROR(INDEX('Position Database'!C:C,MATCH($A13,'Position Database'!$A:$A,0)),"") -> Uppsala University | D13: =IFERROR(INDEX('Position Database'!D:D,MATCH($A13,'Position Database'!$A:$A,0)),"") -> Sweden | E13: 46223 | F13: Template A | G13: CV_v3 | H13: Prop_v1 | I13: 46237 | J13: 46251 | L13: =IF(COUNT(E13,I13,J13,K13)=0,"",MAX(E13,I13,J13,K13)) -> 46251 | M13: =IF(OR($A13="",NOT(ISNUMBER(L13))),"",IF(OR(O13="Positive Reply",O13="Accepted",O13="Rejected"),"",TODAY()-L13)) | N13: =IF(OR($A13="",NOT(ISNUMBER(L13))),"",IF(OR(O13="Positive Reply",O13="Accepted",O13="Rejected"),"",L13+14)) | O13: Accepted | Q13: =IF(AND($A13<>"",ISNUMBER(M13)),COUNTIF($M$4:$M$200,">"&M13)+COUNTIF($M$4:M13,M13),"")
A14: 11 | B14: =IFERROR(INDEX('Position Database'!B:B,MATCH($A14,'Position Database'!$A:$A,0)),"") -> PhD in Integrated Circuit Group on Transceivers for Optical Communications | C14: =IFERROR(INDEX('Position Database'!C:C,MATCH($A14,'Position Database'!$A:$A,0)),"") -> Eindhoven University of Technology | D14: =IFERROR(INDEX('Position Database'!D:D,MATCH($A14,'Position Database'!$A:$A,0)),"") -> Netherlands | E14: 46285 | F14: Template B | G14: CV_v5 | H14: Prop_v3 | L14: =IF(COUNT(E14,I14,J14,K14)=0,"",MAX(E14,I14,J14,K14)) -> 46285 | M14: =IF(OR($A14="",NOT(ISNUMBER(L14))),"",IF(OR(O14="Positive Reply",O14="Accepted",O14="Rejected"),"",TODAY()-L14)) -> 8 | N14: =IF(OR($A14="",NOT(ISNUMBER(L14))),"",IF(OR(O14="Positive Reply",O14="Accepted",O14="Rejected"),"",L14+14)) -> 46299 | O14: Sent | Q14: =IF(AND($A14<>"",ISNUMBER(M14)),COUNTIF($M$4:$M$200,">"&M14)+COUNTIF($M$4:M14,M14),"") -> 13
A15: 12 | B15: =IFERROR(INDEX('Position Database'!B:B,MATCH($A15,'Position Database'!$A:$A,0)),"") -> Postdoc in Structural Analysis of Carbon Materials for Energy Storage | C15: =IFERROR(INDEX('Position Database'!C:C,MATCH($A15,'Position Database'!$A:$A,0)),"") -> Uppsala University | D15: =IFERROR(INDEX('Position Database'!D:D,MATCH($A15,'Position Database'!$A:$A,0)),"") -> Sweden | E15: 46270 | F15: Custom | G15: CV_v5 | I15: 46284 | L15: =IF(COUNT(E15,I15,J15,K15)=0,"",MAX(E15,I15,J15,K15)) -> 46284 | M15: =IF(OR($A15="",NOT(ISNUMBER(L15))),"",IF(OR(O15="Positive Reply",O15="Accepted",O15="Rejected"),"",TODAY()-L15)) -> 9 | N15: =IF(OR($A15="",NOT(ISNUMBER(L15))),"",IF(OR(O15="Positive Reply",O15="Accepted",O15="Rejected"),"",L15+14)) -> 46298 | O15: No Reply | Q15: =IF(AND($A15<>"",ISNUMBER(M15)),COUNTIF($M$4:$M$200,">"&M15)+COUNTIF($M$4:M15,M15),"") -> 12
A16: 13 | B16: =IFERROR(INDEX('Position Database'!B:B,MATCH($A16,'Position Database'!$A:$A,0)),"") -> Postdoc: Multiphysics Modelling of Laser-Regolith Interaction (Moon) | C16: =IFERROR(INDEX('Position Database'!C:C,MATCH($A16,'Position Database'!$A:$A,0)),"") -> Technical University of Denmark | D16: =IFERROR(INDEX('Position Database'!D:D,MATCH($A16,'Position Database'!$A:$A,0)),"") -> Denmark | E16: 46264 | F16: Template B | G16: CV_v4 | H16: Prop_v2 | I16: 46278 | L16: =IF(COUNT(E16,I16,J16,K16)=0,"",MAX(E16,I16,J16,K16)) -> 46278 | M16: =IF(OR($A16="",NOT(ISNUMBER(L16))),"",IF(OR(O16="Positive Reply",O16="Accepted",O16="Rejected"),"",TODAY()-L16)) -> 15 | N16: =IF(OR($A16="",NOT(ISNUMBER(L16))),"",IF(OR(O16="Positive Reply",O16="Accepted",O16="Rejected"),"",L16+14)) -> 46292 | O16: Neutral Reply | Q16: =IF(AND($A16<>"",ISNUMBER(M16)),COUNTIF($M$4:$M$200,">"&M16)+COUNTIF($M$4:M16,M16),"") -> 8
A17: 14 | B17: =IFERROR(INDEX('Position Database'!B:B,MATCH($A17,'Position Database'!$A:$A,0)),"") -> Postdoctoral Researcher in Quantum Communications | C17: =IFERROR(INDEX('Position Database'!C:C,MATCH($A17,'Position Database'!$A:$A,0)),"") -> University of Luxembourg | D17: =IFERROR(INDEX('Position Database'!D:D,MATCH($A17,'Position Database'!$A:$A,0)),"") -> Luxembourg | E17: 46287 | F17: Template A | G17: CV_v5 | H17: Prop_v3 | L17: =IF(COUNT(E17,I17,J17,K17)=0,"",MAX(E17,I17,J17,K17)) -> 46287 | M17: =IF(OR($A17="",NOT(ISNUMBER(L17))),"",IF(OR(O17="Positive Reply",O17="Accepted",O17="Rejected"),"",TODAY()-L17)) -> 6 | N17: =IF(OR($A17="",NOT(ISNUMBER(L17))),"",IF(OR(O17="Positive Reply",O17="Accepted",O17="Rejected"),"",L17+14)) -> 46301 | O17: Sent | Q17: =IF(AND($A17<>"",ISNUMBER(M17)),COUNTIF($M$4:$M$200,">"&M17)+COUNTIF($M$4:M17,M17),"") -> 14
A18: 15 | B18: =IFERROR(INDEX('Position Database'!B:B,MATCH($A18,'Position Database'!$A:$A,0)),"") -> Research Associate in Steel Structures and Sustainable Design | C18: =IFERROR(INDEX('Position Database'!C:C,MATCH($A18,'Position Database'!$A:$A,0)),"") -> University of Sheffield | D18: =IFERROR(INDEX('Position Database'!D:D,MATCH($A18,'Position Database'!$A:$A,0)),"") -> United Kingdom | E18: 46249 | F18: Template C | G18: CV_v4 | I18: 46263 | J18: 46277 | L18: =IF(COUNT(E18,I18,J18,K18)=0,"",MAX(E18,I18,J18,K18)) -> 46277 | M18: =IF(OR($A18="",NOT(ISNUMBER(L18))),"",IF(OR(O18="Positive Reply",O18="Accepted",O18="Rejected"),"",TODAY()-L18)) -> 16 | N18: =IF(OR($A18="",NOT(ISNUMBER(L18))),"",IF(OR(O18="Positive Reply",O18="Accepted",O18="Rejected"),"",L18+14)) -> 46291 | O18: No Reply | Q18: =IF(AND($A18<>"",ISNUMBER(M18)),COUNTIF($M$4:$M$200,">"&M18)+COUNTIF($M$4:M18,M18),"") -> 6
A19: 16 | B19: =IFERROR(INDEX('Position Database'!B:B,MATCH($A19,'Position Database'!$A:$A,0)),"") -> Postdoc in Synthesis and Crystal Growth of Molecular Conductors | C19: =IFERROR(INDEX('Position Database'!C:C,MATCH($A19,'Position Database'!$A:$A,0)),"") -> Chalmers University of Technology | D19: =IFERROR(INDEX('Position Database'!D:D,MATCH($A19,'Position Database'!$A:$A,0)),"") -> Sweden | E19: 46275 | F19: Custom | G19: CV_v5 | H19: Prop_v3 | L19: =IF(COUNT(E19,I19,J19,K19)=0,"",MAX(E19,I19,J19,K19)) -> 46275 | M19: =IF(OR($A19="",NOT(ISNUMBER(L19))),"",IF(OR(O19="Positive Reply",O19="Accepted",O19="Rejected"),"",TODAY()-L19)) -> 18 | N19: =IF(OR($A19="",NOT(ISNUMBER(L19))),"",IF(OR(O19="Positive Reply",O19="Accepted",O19="Rejected"),"",L19+14)) -> 46289 | O19: Interview Invitation | Q19: =IF(AND($A19<>"",ISNUMBER(M19)),COUNTIF($M$4:$M$200,">"&M19)+COUNTIF($M$4:M19,M19),"") -> 5
A20: 17 | B20: =IFERROR(INDEX('Position Database'!B:B,MATCH($A20,'Position Database'!$A:$A,0)),"") -> PhD Candidate in Children's Media in English (CLEAR Group) | C20: =IFERROR(INDEX('Position Database'!C:C,MATCH($A20,'Position Database'!$A:$A,0)),"") -> NTNU | D20: =IFERROR(INDEX('Position Database'!D:D,MATCH($A20,'Position Database'!$A:$A,0)),"") -> Norway | E20: 46242 | F20: Template A | G20: CV_v4 | H20: Prop_v2 | I20: 46256 | L20: =IF(COUNT(E20,I20,J20,K20)=0,"",MAX(E20,I20,J20,K20)) -> 46256 | M20: =IF(OR($A20="",NOT(ISNUMBER(L20))),"",IF(OR(O20="Positive Reply",O20="Accepted",O20="Rejected"),"",TODAY()-L20)) | N20: =IF(OR($A20="",NOT(ISNUMBER(L20))),"",IF(OR(O20="Positive Reply",O20="Accepted",O20="Rejected"),"",L20+14)) | O20: Rejected | Q20: =IF(AND($A20<>"",ISNUMBER(M20)),COUNTIF($M$4:$M$200,">"&M20)+COUNTIF($M$4:M20,M20),"")
A21: 18 | B21: =IFERROR(INDEX('Position Database'!B:B,MATCH($A21,'Position Database'!$A:$A,0)),"") -> PhD: Chemical Activity of Air Pollutants via Laser Spectroscopy | C21: =IFERROR(INDEX('Position Database'!C:C,MATCH($A21,'Position Database'!$A:$A,0)),"") -> Forschungszentrum Jülich | D21: =IFERROR(INDEX('Position Database'!D:D,MATCH($A21,'Position Database'!$A:$A,0)),"") -> Germany | E21: 46289 | F21: Template B | G21: CV_v5 | L21: =IF(COUNT(E21,I21,J21,K21)=0,"",MAX(E21,I21,J21,K21)) -> 46289 | M21: =IF(OR($A21="",NOT(ISNUMBER(L21))),"",IF(OR(O21="Positive Reply",O21="Accepted",O21="Rejected"),"",TODAY()-L21)) -> 4 | N21: =IF(OR($A21="",NOT(ISNUMBER(L21))),"",IF(OR(O21="Positive Reply",O21="Accepted",O21="Rejected"),"",L21+14)) -> 46303 | O21: Sent | Q21: =IF(AND($A21<>"",ISNUMBER(M21)),COUNTIF($M$4:$M$200,">"&M21)+COUNTIF($M$4:M21,M21),"") -> 15
A22: 19 | B22: =IFERROR(INDEX('Position Database'!B:B,MATCH($A22,'Position Database'!$A:$A,0)),"") -> Doctoral Fellow: Lunar Resource Production (LuMoCX / ERC) | C22: =IFERROR(INDEX('Position Database'!C:C,MATCH($A22,'Position Database'!$A:$A,0)),"") -> Ghent University | D22: =IFERROR(INDEX('Position Database'!D:D,MATCH($A22,'Position Database'!$A:$A,0)),"") -> Belgium | E22: 46277 | F22: Template A | G22: CV_v5 | H22: Prop_v3 | L22: =IF(COUNT(E22,I22,J22,K22)=0,"",MAX(E22,I22,J22,K22)) -> 46277 | M22: =IF(OR($A22="",NOT(ISNUMBER(L22))),"",IF(OR(O22="Positive Reply",O22="Accepted",O22="Rejected"),"",TODAY()-L22)) -> 16 | N22: =IF(OR($A22="",NOT(ISNUMBER(L22))),"",IF(OR(O22="Positive Reply",O22="Accepted",O22="Rejected"),"",L22+14)) -> 46291 | O22: No Reply | Q22: =IF(AND($A22<>"",ISNUMBER(M22)),COUNTIF($M$4:$M$200,">"&M22)+COUNTIF($M$4:M22,M22),"") -> 7
A23: 20 | B23: =IFERROR(INDEX('Position Database'!B:B,MATCH($A23,'Position Database'!$A:$A,0)),"") -> Postdoctoral Fellows in Proteomics: Neurodevelopment and Cancer | C23: =IFERROR(INDEX('Position Database'!C:C,MATCH($A23,'Position Database'!$A:$A,0)),"") -> University of Helsinki | D23: =IFERROR(INDEX('Position Database'!D:D,MATCH($A23,'Position Database'!$A:$A,0)),"") -> Finland | E23: 46252 | F23: Template C | G23: CV_v4 | H23: Prop_v2 | I23: 46266 | L23: =IF(COUNT(E23,I23,J23,K23)=0,"",MAX(E23,I23,J23,K23)) -> 46266 | M23: =IF(OR($A23="",NOT(ISNUMBER(L23))),"",IF(OR(O23="Positive Reply",O23="Accepted",O23="Rejected"),"",TODAY()-L23)) -> 27 | N23: =IF(OR($A23="",NOT(ISNUMBER(L23))),"",IF(OR(O23="Positive Reply",O23="Accepted",O23="Rejected"),"",L23+14)) -> 46280 | O23: Neutral Reply | Q23: =IF(AND($A23<>"",ISNUMBER(M23)),COUNTIF($M$4:$M$200,">"&M23)+COUNTIF($M$4:M23,M23),"") -> 3
B24: =IFERROR(INDEX('Position Database'!B:B,MATCH($A24,'Position Database'!$A:$A,0)),"") | C24: =IFERROR(INDEX('Position Database'!C:C,MATCH($A24,'Position Database'!$A:$A,0)),"") | D24: =IFERROR(INDEX('Position Database'!D:D,MATCH($A24,'Position Database'!$A:$A,0)),"") | L24: =IF(COUNT(E24,I24,J24,K24)=0,"",MAX(E24,I24,J24,K24)) | M24: =IF(OR($A24="",NOT(ISNUMBER(L24))),"",IF(OR(O24="Positive Reply",O24="Accepted",O24="Rejected"),"",TODAY()-L24)) | N24: =IF(OR($A24="",NOT(ISNUMBER(L24))),"",IF(OR(O24="Positive Reply",O24="Accepted",O24="Rejected"),"",L24+14)) | Q24: =IF(AND($A24<>"",ISNUMBER(M24)),COUNTIF($M$4:$M$200,">"&M24)+COUNTIF($M$4:M24,M24),"")
B25: =IFERROR(INDEX('Position Database'!B:B,MATCH($A25,'Position Database'!$A:$A,0)),"") | C25: =IFERROR(INDEX('Position Database'!C:C,MATCH($A25,'Position Database'!$A:$A,0)),"") | D25: =IFERROR(INDEX('Position Database'!D:D,MATCH($A25,'Position Database'!$A:$A,0)),"") | L25: =IF(COUNT(E25,I25,J25,K25)=0,"",MAX(E25,I25,J25,K25)) | M25: =IF(OR($A25="",NOT(ISNUMBER(L25))),"",IF(OR(O25="Positive Reply",O25="Accepted",O25="Rejected"),"",TODAY()-L25)) | N25: =IF(OR($A25="",NOT(ISNUMBER(L25))),"",IF(OR(O25="Positive Reply",O25="Accepted",O25="Rejected"),"",L25+14)) | Q25: =IF(AND($A25<>"",ISNUMBER(M25)),COUNTIF($M$4:$M$200,">"&M25)+COUNTIF($M$4:M25,M25),"")
B26: =IFERROR(INDEX('Position Database'!B:B,MATCH($A26,'Position Database'!$A:$A,0)),"") | C26: =IFERROR(INDEX('Position Database'!C:C,MATCH($A26,'Position Database'!$A:$A,0)),"") | D26: =IFERROR(INDEX('Position Database'!D:D,MATCH($A26,'Position Database'!$A:$A,0)),"") | L26: =IF(COUNT(E26,I26,J26,K26)=0,"",MAX(E26,I26,J26,K26)) | M26: =IF(OR($A26="",NOT(ISNUMBER(L26))),"",IF(OR(O26="Positive Reply",O26="Accepted",O26="Rejected"),"",TODAY()-L26)) | N26: =IF(OR($A26="",NOT(ISNUMBER(L26))),"",IF(OR(O26="Positive Reply",O26="Accepted",O26="Rejected"),"",L26+14)) | Q26: =IF(AND($A26<>"",ISNUMBER(M26)),COUNTIF($M$4:$M$200,">"&M26)+COUNTIF($M$4:M26,M26),"")
B27: =IFERROR(INDEX('Position Database'!B:B,MATCH($A27,'Position Database'!$A:$A,0)),"") | C27: =IFERROR(INDEX('Position Database'!C:C,MATCH($A27,'Position Database'!$A:$A,0)),"") | D27: =IFERROR(INDEX('Position Database'!D:D,MATCH($A27,'Position Database'!$A:$A,0)),"") | L27: =IF(COUNT(E27,I27,J27,K27)=0,"",MAX(E27,I27,J27,K27)) | M27: =IF(OR($A27="",NOT(ISNUMBER(L27))),"",IF(OR(O27="Positive Reply",O27="Accepted",O27="Rejected"),"",TODAY()-L27)) | N27: =IF(OR($A27="",NOT(ISNUMBER(L27))),"",IF(OR(O27="Positive Reply",O27="Accepted",O27="Rejected"),"",L27+14)) | Q27: =IF(AND($A27<>"",ISNUMBER(M27)),COUNTIF($M$4:$M$200,">"&M27)+COUNTIF($M$4:M27,M27),"")
B28: =IFERROR(INDEX('Position Database'!B:B,MATCH($A28,'Position Database'!$A:$A,0)),"") | C28: =IFERROR(INDEX('Position Database'!C:C,MATCH($A28,'Position Database'!$A:$A,0)),"") | D28: =IFERROR(INDEX('Position Database'!D:D,MATCH($A28,'Position Database'!$A:$A,0)),"") | L28: =IF(COUNT(E28,I28,J28,K28)=0,"",MAX(E28,I28,J28,K28)) | M28: =IF(OR($A28="",NOT(ISNUMBER(L28))),"",IF(OR(O28="Positive Reply",O28="Accepted",O28="Rejected"),"",TODAY()-L28)) | N28: =IF(OR($A28="",NOT(ISNUMBER(L28))),"",IF(OR(O28="Positive Reply",O28="Accepted",O28="Rejected"),"",L28+14)) | Q28: =IF(AND($A28<>"",ISNUMBER(M28)),COUNTIF($M$4:$M$200,">"&M28)+COUNTIF($M$4:M28,M28),"")
B29: =IFERROR(INDEX('Position Database'!B:B,MATCH($A29,'Position Database'!$A:$A,0)),"") | C29: =IFERROR(INDEX('Position Database'!C:C,MATCH($A29,'Position Database'!$A:$A,0)),"") | D29: =IFERROR(INDEX('Position Database'!D:D,MATCH($A29,'Position Database'!$A:$A,0)),"") | L29: =IF(COUNT(E29,I29,J29,K29)=0,"",MAX(E29,I29,J29,K29)) | M29: =IF(OR($A29="",NOT(ISNUMBER(L29))),"",IF(OR(O29="Positive Reply",O29="Accepted",O29="Rejected"),"",TODAY()-L29)) | N29: =IF(OR($A29="",NOT(ISNUMBER(L29))),"",IF(OR(O29="Positive Reply",O29="Accepted",O29="Rejected"),"",L29+14)) | Q29: =IF(AND($A29<>"",ISNUMBER(M29)),COUNTIF($M$4:$M$200,">"&M29)+COUNTIF($M$4:M29,M29),"")
B30: =IFERROR(INDEX('Position Database'!B:B,MATCH($A30,'Position Database'!$A:$A,0)),"") | C30: =IFERROR(INDEX('Position Database'!C:C,MATCH($A30,'Position Database'!$A:$A,0)),"") | D30: =IFERROR(INDEX('Position Database'!D:D,MATCH($A30,'Position Database'!$A:$A,0)),"") | L30: =IF(COUNT(E30,I30,J30,K30)=0,"",MAX(E30,I30,J30,K30)) | M30: =IF(OR($A30="",NOT(ISNUMBER(L30))),"",IF(OR(O30="Positive Reply",O30="Accepted",O30="Rejected"),"",TODAY()-L30)) | N30: =IF(OR($A30="",NOT(ISNUMBER(L30))),"",IF(OR(O30="Positive Reply",O30="Accepted",O30="Rejected"),"",L30+14)) | Q30: =IF(AND($A30<>"",ISNUMBER(M30)),COUNTIF($M$4:$M$200,">"&M30)+COUNTIF($M$4:M30,M30),"")
B31: =IFERROR(INDEX('Position Database'!B:B,MATCH($A31,'Position Database'!$A:$A,0)),"") | C31: =IFERROR(INDEX('Position Database'!C:C,MATCH($A31,'Position Database'!$A:$A,0)),"") | D31: =IFERROR(INDEX('Position Database'!D:D,MATCH($A31,'Position Database'!$A:$A,0)),"") | L31: =IF(COUNT(E31,I31,J31,K31)=0,"",MAX(E31,I31,J31,K31)) | M31: =IF(OR($A31="",NOT(ISNUMBER(L31))),"",IF(OR(O31="Positive Reply",O31="Accepted",O31="Rejected"),"",TODAY()-L31)) | N31: =IF(OR($A31="",NOT(ISNUMBER(L31))),"",IF(OR(O31="Positive Reply",O31="Accepted",O31="Rejected"),"",L31+14)) | Q31: =IF(AND($A31<>"",ISNUMBER(M31)),COUNTIF($M$4:$M$200,">"&M31)+COUNTIF($M$4:M31,M31),"")
B32: =IFERROR(INDEX('Position Database'!B:B,MATCH($A32,'Position Database'!$A:$A,0)),"") | C32: =IFERROR(INDEX('Position Database'!C:C,MATCH($A32,'Position Database'!$A:$A,0)),"") | D32: =IFERROR(INDEX('Position Database'!D:D,MATCH($A32,'Position Database'!$A:$A,0)),"") | L32: =IF(COUNT(E32,I32,J32,K32)=0,"",MAX(E32,I32,J32,K32)) | M32: =IF(OR($A32="",NOT(ISNUMBER(L32))),"",IF(OR(O32="Positive Reply",O32="Accepted",O32="Rejected"),"",TODAY()-L32)) | N32: =IF(OR($A32="",NOT(ISNUMBER(L32))),"",IF(OR(O32="Positive Reply",O32="Accepted",O32="Rejected"),"",L32+14)) | Q32: =IF(AND($A32<>"",ISNUMBER(M32)),COUNTIF($M$4:$M$200,">"&M32)+COUNTIF($M$4:M32,M32),"")
B33: =IFERROR(INDEX('Position Database'!B:B,MATCH($A33,'Position Database'!$A:$A,0)),"") | C33: =IFERROR(INDEX('Position Database'!C:C,MATCH($A33,'Position Database'!$A:$A,0)),"") | D33: =IFERROR(INDEX('Position Database'!D:D,MATCH($A33,'Position Database'!$A:$A,0)),"") | L33: =IF(COUNT(E33,I33,J33,K33)=0,"",MAX(E33,I33,J33,K33)) | M33: =IF(OR($A33="",NOT(ISNUMBER(L33))),"",IF(OR(O33="Positive Reply",O33="Accepted",O33="Rejected"),"",TODAY()-L33)) | N33: =IF(OR($A33="",NOT(ISNUMBER(L33))),"",IF(OR(O33="Positive Reply",O33="Accepted",O33="Rejected"),"",L33+14)) | Q33: =IF(AND($A33<>"",ISNUMBER(M33)),COUNTIF($M$4:$M$200,">"&M33)+COUNTIF($M$4:M33,M33),"")
B34: =IFERROR(INDEX('Position Database'!B:B,MATCH($A34,'Position Database'!$A:$A,0)),"") | C34: =IFERROR(INDEX('Position Database'!C:C,MATCH($A34,'Position Database'!$A:$A,0)),"") | D34: =IFERROR(INDEX('Position Database'!D:D,MATCH($A34,'Position Database'!$A:$A,0)),"") | L34: =IF(COUNT(E34,I34,J34,K34)=0,"",MAX(E34,I34,J34,K34)) | M34: =IF(OR($A34="",NOT(ISNUMBER(L34))),"",IF(OR(O34="Positive Reply",O34="Accepted",O34="Rejected"),"",TODAY()-L34)) | N34: =IF(OR($A34="",NOT(ISNUMBER(L34))),"",IF(OR(O34="Positive Reply",O34="Accepted",O34="Rejected"),"",L34+14)) | Q34: =IF(AND($A34<>"",ISNUMBER(M34)),COUNTIF($M$4:$M$200,">"&M34)+COUNTIF($M$4:M34,M34),"")
B35: =IFERROR(INDEX('Position Database'!B:B,MATCH($A35,'Position Database'!$A:$A,0)),"") | C35: =IFERROR(INDEX('Position Database'!C:C,MATCH($A35,'Position Database'!$A:$A,0)),"") | D35: =IFERROR(INDEX('Position Database'!D:D,MATCH($A35,'Position Database'!$A:$A,0)),"") | L35: =IF(COUNT(E35,I35,J35,K35)=0,"",MAX(E35,I35,J35,K35)) | M35: =IF(OR($A35="",NOT(ISNUMBER(L35))),"",IF(OR(O35="Positive Reply",O35="Accepted",O35="Rejected"),"",TODAY()-L35)) | N35: =IF(OR($A35="",NOT(ISNUMBER(L35))),"",IF(OR(O35="Positive Reply",O35="Accepted",O35="Rejected"),"",L35+14)) | Q35: =IF(AND($A35<>"",ISNUMBER(M35)),COUNTIF($M$4:$M$200,">"&M35)+COUNTIF($M$4:M35,M35),"")
... B200: =IFERROR(INDEX('Position Database'!B:B,MATCH($A200,'Position Database'!$A:$A,0)),"") | C200: =IFERROR(INDEX('Position Database'!C:C,MATCH($A200,'Position Database'!$A:$A,0)),"") | D200: =IFERROR(INDEX('Position Database'!D:D,MATCH($A200,'Position Database'!$A:$A,0)),"") | L200: =IF(COUNT(E200,I200,J200,K200)=0,"",MAX(E200,I200,J200,K200)) | M200: =IF(OR($A200="",NOT(ISNUMBER(L200))),"",IF(OR(O200="Positive Reply",O200="Accepted",O200="Rejected"),"",TODAY()-L200)) | N200: =IF(OR($A200="",NOT(ISNUMBER(L200))),"",IF(OR(O200="Positive Reply",O200="Accepted",O200="Rejected"),"",L200+14)) | Q200: =IF(AND($A200<>"",ISNUMBER(M200)),COUNTIF($M$4:$M$200,">"&M200)+COUNTIF($M$4:M200,M200),"")

Sheet Response Management
A1: Response Management
A2: Log every reply you receive. Pick the position ID from the drop-down. Update the Status in the Communication Tracker as well so the follow-up clock stops. | H2: ◀ Back to Dashboard
A3: ID | B3: Position Title | C3: University | D3: Reply Date | E3: Reply Status | F3: Reply Summary | G3: Meeting Date | H3: Outcome | I3: Next Action
A4: 1 | B4: =IFERROR(INDEX('Position Database'!B:B,MATCH($A4,'Position Database'!$A:$A,0)),"") -> Post Doc: Learning Interactions in Collective Cell Migration | C4: =IFERROR(INDEX('Position Database'!C:C,MATCH($A4,'Position Database'!$A:$A,0)),"") -> Vrije Universiteit Amsterdam | D4: 46273 | E4: Positive Reply | F4: Expressed interest; asked for the full proposal and a funding plan | G4: 46287 | H4: Proposal Requested | I4: Send the two-page research proposal
A5: 4 | B5: =IFERROR(INDEX('Position Database'!B:B,MATCH($A5,'Position Database'!$A:$A,0)),"") -> PhD Candidate: Multi-Methods Project on Negation Across Languages | C5: =IFERROR(INDEX('Position Database'!C:C,MATCH($A5,'Position Database'!$A:$A,0)),"") -> University of Amsterdam | D5: 46267 | E5: Neutral Reply | F5: No budget at the moment but open to a conversation | H5: Info Received | I5: Check NWO grant options
A6: 5 | B6: =IFERROR(INDEX('Position Database'!B:B,MATCH($A6,'Position Database'!$A:$A,0)),"") -> PhD Position: Beyond the Odds - Pathways to Gambling-Related Harm | C6: =IFERROR(INDEX('Position Database'!C:C,MATCH($A6,'Position Database'!$A:$A,0)),"") -> Radboud University | D6: 46279 | E6: Rejected | F6: Position has been filled | H6: Closed | I6: Remove from follow-up list
A7: 6 | B7: =IFERROR(INDEX('Position Database'!B:B,MATCH($A7,'Position Database'!$A:$A,0)),"") -> PhD Position in Time-Reflection of Subwavelength THz Waves | C7: =IFERROR(INDEX('Position Database'!C:C,MATCH($A7,'Position Database'!$A:$A,0)),"") -> ETH Zurich | D7: 46285 | E7: Interview Invitation | F7: Invited to a 30-minute online interview with the group leader | G7: 46298 | H7: Interview Scheduled | I7: Prepare a 5-minute research pitch
A8: 9 | B8: =IFERROR(INDEX('Position Database'!B:B,MATCH($A8,'Position Database'!$A:$A,0)),"") -> Two Postdoctoral Positions in Mitochondrial Cell Biology | C8: =IFERROR(INDEX('Position Database'!C:C,MATCH($A8,'Position Database'!$A:$A,0)),"") -> Institut Imagine | D8: 46281 | E8: Positive Reply | F8: Asked for a writing sample and two referees | H8: Proposal Requested | I8: Send writing sample and referee list
A9: 10 | B9: =IFERROR(INDEX('Position Database'!B:B,MATCH($A9,'Position Database'!$A:$A,0)),"") -> Doctoral Student in Environmental Law Specialising in Nuclear Power | C9: =IFERROR(INDEX('Position Database'!C:C,MATCH($A9,'Position Database'!$A:$A,0)),"") -> Uppsala University | D9: 46264 | E9: Accepted | F9: Formal acceptance; start date January 2027 | G9: 46270 | H9: Accepted | I9: Start the residence-permit process
A10: 13 | B10: =IFERROR(INDEX('Position Database'!B:B,MATCH($A10,'Position Database'!$A:$A,0)),"") -> Postdoc: Multiphysics Modelling of Laser-Regolith Interaction (Moon) | C10: =IFERROR(INDEX('Position Database'!C:C,MATCH($A10,'Position Database'!$A:$A,0)),"") -> Technical University of Denmark | D10: 46284 | E10: Neutral Reply | F10: Position still open but priority is given to internal candidates | H10: Info Received | I10: Follow up again in November
A11: 16 | B11: =IFERROR(INDEX('Position Database'!B:B,MATCH($A11,'Position Database'!$A:$A,0)),"") -> Postdoc in Synthesis and Crystal Growth of Molecular Conductors | C11: =IFERROR(INDEX('Position Database'!C:C,MATCH($A11,'Position Database'!$A:$A,0)),"") -> Chalmers University of Technology | D11: 46286 | E11: Interview Invitation | F11: Invited to an introductory meeting with the research team | G11: 46303 | H11: Interview Scheduled | I11: Review the group's recent papers
A12: 17 | B12: =IFERROR(INDEX('Position Database'!B:B,MATCH($A12,'Position Database'!$A:$A,0)),"") -> PhD Candidate in Children's Media in English (CLEAR Group) | C12: =IFERROR(INDEX('Position Database'!C:C,MATCH($A12,'Position Database'!$A:$A,0)),"") -> NTNU | D12: 46270 | E12: Rejected | F12: Research area does not match | H12: Closed | I12: Remove from follow-up list
A13: 20 | B13: =IFERROR(INDEX('Position Database'!B:B,MATCH($A13,'Position Database'!$A:$A,0)),"") -> Postdoctoral Fellows in Proteomics: Neurodevelopment and Cancer | C13: =IFERROR(INDEX('Position Database'!C:C,MATCH($A13,'Position Database'!$A:$A,0)),"") -> University of Helsinki | D13: 46280 | E13: Neutral Reply | F13: Referred to another colleague in the same faculty | H13: Info Received | I13: Contact the referred professor
B14: =IFERROR(INDEX('Position Database'!B:B,MATCH($A14,'Position Database'!$A:$A,0)),"") | C14: =IFERROR(INDEX('Position Database'!C:C,MATCH($A14,'Position Database'!$A:$A,0)),"")
B15: =IFERROR(INDEX('Position Database'!B:B,MATCH($A15,'Position Database'!$A:$A,0)),"") | C15: =IFERROR(INDEX('Position Database'!C:C,MATCH($A15,'Position Database'!$A:$A,0)),"")
B16: =IFERROR(INDEX('Position Database'!B:B,MATCH($A16,'Position Database'!$A:$A,0)),"") | C16: =IFERROR(INDEX('Position Database'!C:C,MATCH($A16,'Position Database'!$A:$A,0)),"")
B17: =IFERROR(INDEX('Position Database'!B:B,MATCH($A17,'Position Database'!$A:$A,0)),"") | C17: =IFERROR(INDEX('Position Database'!C:C,MATCH($A17,'Position Database'!$A:$A,0)),"")
B18: =IFERROR(INDEX('Position Database'!B:B,MATCH($A18,'Position Database'!$A:$A,0)),"") | C18: =IFERROR(INDEX('Position Database'!C:C,MATCH($A18,'Position Database'!$A:$A,0)),"")
B19: =IFERROR(INDEX('Position Database'!B:B,MATCH($A19,'Position Database'!$A:$A,0)),"") | C19: =IFERROR(INDEX('Position Database'!C:C,MATCH($A19,'Position Database'!$A:$A,0)),"")
B20: =IFERROR(INDEX('Position Database'!B:B,MATCH($A20,'Position Database'!$A:$A,0)),"") | C20: =IFERROR(INDEX('Position Database'!C:C,MATCH($A20,'Position Database'!$A:$A,0)),"")
B21: =IFERROR(INDEX('Position Database'!B:B,MATCH($A21,'Position Database'!$A:$A,0)),"") | C21: =IFERROR(INDEX('Position Database'!C:C,MATCH($A21,'Position Database'!$A:$A,0)),"")
B22: =IFERROR(INDEX('Position Database'!B:B,MATCH($A22,'Position Database'!$A:$A,0)),"") | C22: =IFERROR(INDEX('Position Database'!C:C,MATCH($A22,'Position Database'!$A:$A,0)),"")
B23: =IFERROR(INDEX('Position Database'!B:B,MATCH($A23,'Position Database'!$A:$A,0)),"") | C23: =IFERROR(INDEX('Position Database'!C:C,MATCH($A23,'Position Database'!$A:$A,0)),"")
B24: =IFERROR(INDEX('Position Database'!B:B,MATCH($A24,'Position Database'!$A:$A,0)),"") | C24: =IFERROR(INDEX('Position Database'!C:C,MATCH($A24,'Position Database'!$A:$A,0)),"")
B25: =IFERROR(INDEX('Position Database'!B:B,MATCH($A25,'Position Database'!$A:$A,0)),"") | C25: =IFERROR(INDEX('Position Database'!C:C,MATCH($A25,'Position Database'!$A:$A,0)),"")
... B119: =IFERROR(INDEX('Position Database'!B:B,MATCH($A119,'Position Database'!$A:$A,0)),"") | C119: =IFERROR(INDEX('Position Database'!C:C,MATCH($A119,'Position Database'!$A:$A,0)),"")

Sheet Follow-up Alerts
A1: Follow-up Alerts
A2: Red = more than 14 days, send a follow-up today | Amber = 7 to 14 days, prepare it | Green = under 7 days, keep watching | G2: ◀ Back to Dashboard
A3: # | B3: Position Title | C3: University | D3: Days Since | E3: Last Contact | F3: Next Follow-up | G3: Status | H3: Recommended Action
A4: =IF('Communication Tracker'!B4="","",1) -> 1 | B4: =IF('Communication Tracker'!B4="","",'Communication Tracker'!B4) -> Post Doc: Learning Interactions in Collective Cell Migration | C4: =IF('Communication Tracker'!C4="","",'Communication Tracker'!C4) -> Vrije Universiteit Amsterdam | D4: =IFERROR(IF(ISNUMBER('Communication Tracker'!M4),'Communication Tracker'!M4,""),"") | E4: =IFERROR('Communication Tracker'!L4,"") -> 46267 | F4: =IFERROR(IF(ISNUMBER('Communication Tracker'!N4),'Communication Tracker'!N4,""),"") | G4: =IF('Communication Tracker'!O4="","",'Communication Tracker'!O4) -> Positive Reply | H4: =IF('Communication Tracker'!B4="","",IF(OR('Communication Tracker'!O4="Positive Reply",'Communication Tracker'!O4="Accepted",'Communication Tracker'!O4="Rejected"),"Case closed - no action needed",IF(ISNUMBER('Communication Tracker'!M4),IF('Communication Tracker'!M4>14,"URGENT - send a follow-up today",IF('Communication Tracker'!M4>=7,"Prepare follow-up - send within "&(14-'Communication Tracker'!M4)&" days","Monitoring - next follow-up in "&(14-'Communication Tracker'!M4)&" days")),""))) -> Case closed - no action needed
A5: =IF('Communication Tracker'!B5="","",2) -> 2 | B5: =IF('Communication Tracker'!B5="","",'Communication Tracker'!B5) -> MSCA-DN PhD in Pharmacological Therapy for Leukodystrophies | C5: =IF('Communication Tracker'!C5="","",'Communication Tracker'!C5) -> Amsterdam UMC | D5: =IFERROR(IF(ISNUMBER('Communication Tracker'!M5),'Communication Tracker'!M5,""),"") -> 35 | E5: =IFERROR('Communication Tracker'!L5,"") -> 46258 | F5: =IFERROR(IF(ISNUMBER('Communication Tracker'!N5),'Communication Tracker'!N5,""),"") -> 46272 | G5: =IF('Communication Tracker'!O5="","",'Communication Tracker'!O5) -> No Reply | H5: =IF('Communication Tracker'!B5="","",IF(OR('Communication Tracker'!O5="Positive Reply",'Communication Tracker'!O5="Accepted",'Communication Tracker'!O5="Rejected"),"Case closed - no action needed",IF(ISNUMBER('Communication Tracker'!M5),IF('Communication Tracker'!M5>14,"URGENT - send a follow-up today",IF('Communication Tracker'!M5>=7,"Prepare follow-up - send within "&(14-'Communication Tracker'!M5)&" days","Monitoring - next follow-up in "&(14-'Communication Tracker'!M5)&" days")),""))) -> URGENT - send a follow-up today
A6: =IF('Communication Tracker'!B6="","",3) -> 3 | B6: =IF('Communication Tracker'!B6="","",'Communication Tracker'!B6) -> PhD Positions in Human-Centred Artificial Intelligence | C6: =IF('Communication Tracker'!C6="","",'Communication Tracker'!C6) -> Aalborg University | D6: =IFERROR(IF(ISNUMBER('Communication Tracker'!M6),'Communication Tracker'!M6,""),"") -> 13 | E6: =IFERROR('Communication Tracker'!L6,"") -> 46280 | F6: =IFERROR(IF(ISNUMBER('Communication Tracker'!N6),'Communication Tracker'!N6,""),"") -> 46294 | G6: =IF('Communication Tracker'!O6="","",'Communication Tracker'!O6) -> Sent | H6: =IF('Communication Tracker'!B6="","",IF(OR('Communication Tracker'!O6="Positive Reply",'Communication Tracker'!O6="Accepted",'Communication Tracker'!O6="Rejected"),"Case closed - no action needed",IF(ISNUMBER('Communication Tracker'!M6),IF('Communication Tracker'!M6>14,"URGENT - send a follow-up today",IF('Communication Tracker'!M6>=7,"Prepare follow-up - send within "&(14-'Communication Tracker'!M6)&" days","Monitoring - next follow-up in "&(14-'Communication Tracker'!M6)&" days")),""))) -> Prepare follow-up - send within 1 days
A7: =IF('Communication Tracker'!B7="","",4) -> 4 | B7: =IF('Communication Tracker'!B7="","",'Communication Tracker'!B7) -> PhD Candidate: Multi-Methods Project on Negation Across Languages | C7: =IF('Communication Tracker'!C7="","",'Communication Tracker'!C7) -> University of Amsterdam | D7: =IFERROR(IF(ISNUMBER('Communication Tracker'!M7),'Communication Tracker'!M7,""),"") -> 33 | E7: =IFERROR('Communication Tracker'!L7,"") -> 46260 | F7: =IFERROR(IF(ISNUMBER('Communication Tracker'!N7),'Communication Tracker'!N7,""),"") -> 46274 | G7: =IF('Communication Tracker'!O7="","",'Communication Tracker'!O7) -> Neutral Reply | H7: =IF('Communication Tracker'!B7="","",IF(OR('Communication Tracker'!O7="Positive Reply",'Communication Tracker'!O7="Accepted",'Communication Tracker'!O7="Rejected"),"Case closed - no action needed",IF(ISNUMBER('Communication Tracker'!M7),IF('Communication Tracker'!M7>14,"URGENT - send a follow-up today",IF('Communication Tracker'!M7>=7,"Prepare follow-up - send within "&(14-'Communication Tracker'!M7)&" days","Monitoring - next follow-up in "&(14-'Communication Tracker'!M7)&" days")),""))) -> URGENT - send a follow-up today
A8: =IF('Communication Tracker'!B8="","",5) -> 5 | B8: =IF('Communication Tracker'!B8="","",'Communication Tracker'!B8) -> PhD Position: Beyond the Odds - Pathways to Gambling-Related Harm | C8: =IF('Communication Tracker'!C8="","",'Communication Tracker'!C8) -> Radboud University | D8: =IFERROR(IF(ISNUMBER('Communication Tracker'!M8),'Communication Tracker'!M8,""),"") | E8: =IFERROR('Communication Tracker'!L8,"") -> 46273 | F8: =IFERROR(IF(ISNUMBER('Communication Tracker'!N8),'Communication Tracker'!N8,""),"") | G8: =IF('Communication Tracker'!O8="","",'Communication Tracker'!O8) -> Rejected | H8: =IF('Communication Tracker'!B8="","",IF(OR('Communication Tracker'!O8="Positive Reply",'Communication Tracker'!O8="Accepted",'Communication Tracker'!O8="Rejected"),"Case closed - no action needed",IF(ISNUMBER('Communication Tracker'!M8),IF('Communication Tracker'!M8>14,"URGENT - send a follow-up today",IF('Communication Tracker'!M8>=7,"Prepare follow-up - send within "&(14-'Communication Tracker'!M8)&" days","Monitoring - next follow-up in "&(14-'Communication Tracker'!M8)&" days")),""))) -> Case closed - no action needed
A9: =IF('Communication Tracker'!B9="","",6) -> 6 | B9: =IF('Communication Tracker'!B9="","",'Communication Tracker'!B9) -> PhD Position in Time-Reflection of Subwavelength THz Waves | C9: =IF('Communication Tracker'!C9="","",'Communication Tracker'!C9) -> ETH Zurich | D9: =IFERROR(IF(ISNUMBER('Communication Tracker'!M9),'Communication Tracker'!M9,""),"") -> 13 | E9: =IFERROR('Communication Tracker'!L9,"") -> 46280 | F9: =IFERROR(IF(ISNUMBER('Communication Tracker'!N9),'Communication Tracker'!N9,""),"") -> 46294 | G9: =IF('Communication Tracker'!O9="","",'Communication Tracker'!O9) -> Interview Invitation | H9: =IF('Communication Tracker'!B9="","",IF(OR('Communication Tracker'!O9="Positive Reply",'Communication Tracker'!O9="Accepted",'Communication Tracker'!O9="Rejected"),"Case closed - no action needed",IF(ISNUMBER('Communication Tracker'!M9),IF('Communication Tracker'!M9>14,"URGENT - send a follow-up today",IF('Communication Tracker'!M9>=7,"Prepare follow-up - send within "&(14-'Communication Tracker'!M9)&" days","Monitoring - next follow-up in "&(14-'Communication Tracker'!M9)&" days")),""))) -> Prepare follow-up - send within 1 days
A10: =IF('Communication Tracker'!B10="","",7) -> 7 | B10: =IF('Communication Tracker'!B10="","",'Communication Tracker'!B10) -> Postdoc in Machine Learning and Surrogate Modelling | C10: =IF('Communication Tracker'!C10="","",'Communication Tracker'!C10) -> University of Luxembourg | D10: =IFERROR(IF(ISNUMBER('Communication Tracker'!M10),'Communication Tracker'!M10,""),"") -> 10 | E10: =IFERROR('Communication Tracker'!L10,"") -> 46283 | F10: =IFERROR(IF(ISNUMBER('Communication Tracker'!N10),'Communication Tracker'!N10,""),"") -> 46297 | G10: =IF('Communication Tracker'!O10="","",'Communication Tracker'!O10) -> Sent | H10: =IF('Communication Tracker'!B10="","",IF(OR('Communication Tracker'!O10="Positive Reply",'Communication Tracker'!O10="Accepted",'Communication Tracker'!O10="Rejected"),"Case closed - no action needed",IF(ISNUMBER('Communication Tracker'!M10),IF('Communication Tracker'!M10>14,"URGENT - send a follow-up today",IF('Communication Tracker'!M10>=7,"Prepare follow-up - send within "&(14-'Communication Tracker'!M10)&" days","Monitoring - next follow-up in "&(14-'Communication Tracker'!M10)&" days")),""))) -> Prepare follow-up - send within 4 days
A11: =IF('Communication Tracker'!B11="","",8) -> 8 | B11: =IF('Communication Tracker'!B11="","",'Communication Tracker'!B11) -> PhD: Microfluidics to Observe and Manipulate Coacervate Droplets | C11: =IF('Communication Tracker'!C11="","",'Communication Tracker'!C11) -> University of Groningen | D11: =IFERROR(IF(ISNUMBER('Communication Tracker'!M11),'Communication Tracker'!M11,""),"") -> 25 | E11: =IFERROR('Communication Tracker'!L11,"") -> 46268 | F11: =IFERROR(IF(ISNUMBER('Communication Tracker'!N11),'Communication Tracker'!N11,""),"") -> 46282 | G11: =IF('Communication Tracker'!O11="","",'Communication Tracker'!O11) -> No Reply | H11: =IF('Communication Tracker'!B11="","",IF(OR('Communication Tracker'!O11="Positive Reply",'Communication Tracker'!O11="Accepted",'Communication Tracker'!O11="Rejected"),"Case closed - no action needed",IF(ISNUMBER('Communication Tracker'!M11),IF('Communication Tracker'!M11>14,"URGENT - send a follow-up today",IF('Communication Tracker'!M11>=7,"Prepare follow-up - send within "&(14-'Communication Tracker'!M11)&" days","Monitoring - next follow-up in "&(14-'Communication Tracker'!M11)&" days")),""))) -> URGENT - send a follow-up today
A12: =IF('Communication Tracker'!B12="","",9) -> 9 | B12: =IF('Communication Tracker'!B12="","",'Communication Tracker'!B12) -> Two Postdoctoral Positions in Mitochondrial Cell Biology | C12: =IF('Communication Tracker'!C12="","",'Communication Tracker'!C12) -> Institut Imagine | D12: =IFERROR(IF(ISNUMBER('Communication Tracker'!M12),'Communication Tracker'!M12,""),"") | E12: =IFERROR('Communication Tracker'!L12,"") -> 46273 | F12: =IFERROR(IF(ISNUMBER('Communication Tracker'!N12),'Communication Tracker'!N12,""),"") | G12: =IF('Communication Tracker'!O12="","",'Communication Tracker'!O12) -> Positive Reply | H12: =IF('Communication Tracker'!B12="","",IF(OR('Communication Tracker'!O12="Positive Reply",'Communication Tracker'!O12="Accepted",'Communication Tracker'!O12="Rejected"),"Case closed - no action needed",IF(ISNUMBER('Communication Tracker'!M12),IF('Communication Tracker'!M12>14,"URGENT - send a follow-up today",IF('Communication Tracker'!M12>=7,"Prepare follow-up - send within "&(14-'Communication Tracker'!M12)&" days","Monitoring - next follow-up in "&(14-'Communication Tracker'!M12)&" days")),""))) -> Case closed - no action needed
A13: =IF('Communication Tracker'!B13="","",10) -> 10 | B13: =IF('Communication Tracker'!B13="","",'Communication Tracker'!B13) -> Doctoral Student in Environmental Law Specialising in Nuclear Power | C13: =IF('Communication Tracker'!C13="","",'Communication Tracker'!C13) -> Uppsala University | D13: =IFERROR(IF(ISNUMBER('Communication Tracker'!M13),'Communication Tracker'!M13,""),"") | E13: =IFERROR('Communication Tracker'!L13,"") -> 46251 | F13: =IFERROR(IF(ISNUMBER('Communication Tracker'!N13),'Communication Tracker'!N13,""),"") | G13: =IF('Communication Tracker'!O13="","",'Communication Tracker'!O13) -> Accepted | H13: =IF('Communication Tracker'!B13="","",IF(OR('Communication Tracker'!O13="Positive Reply",'Communication Tracker'!O13="Accepted",'Communication Tracker'!O13="Rejected"),"Case closed - no action needed",IF(ISNUMBER('Communication Tracker'!M13),IF('Communication Tracker'!M13>14,"URGENT - send a follow-up today",IF('Communication Tracker'!M13>=7,"Prepare follow-up - send within "&(14-'Communication Tracker'!M13)&" days","Monitoring - next follow-up in "&(14-'Communication Tracker'!M13)&" days")),""))) -> Case closed - no action needed
A14: =IF('Communication Tracker'!B14="","",11) -> 11 | B14: =IF('Communication Tracker'!B14="","",'Communication Tracker'!B14) -> PhD in Integrated Circuit Group on Transceivers for Optical Communications | C14: =IF('Communication Tracker'!C14="","",'Communication Tracker'!C14) -> Eindhoven University of Technology | D14: =IFERROR(IF(ISNUMBER('Communication Tracker'!M14),'Communication Tracker'!M14,""),"") -> 8 | E14: =IFERROR('Communication Tracker'!L14,"") -> 46285 | F14: =IFERROR(IF(ISNUMBER('Communication Tracker'!N14),'Communication Tracker'!N14,""),"") -> 46299 | G14: =IF('Communication Tracker'!O14="","",'Communication Tracker'!O14) -> Sent | H14: =IF('Communication Tracker'!B14="","",IF(OR('Communication Tracker'!O14="Positive Reply",'Communication Tracker'!O14="Accepted",'Communication Tracker'!O14="Rejected"),"Case closed - no action needed",IF(ISNUMBER('Communication Tracker'!M14),IF('Communication Tracker'!M14>14,"URGENT - send a follow-up today",IF('Communication Tracker'!M14>=7,"Prepare follow-up - send within "&(14-'Communication Tracker'!M14)&" days","Monitoring - next follow-up in "&(14-'Communication Tracker'!M14)&" days")),""))) -> Prepare follow-up - send within 6 days
A15: =IF('Communication Tracker'!B15="","",12) -> 12 | B15: =IF('Communication Tracker'!B15="","",'Communication Tracker'!B15) -> Postdoc in Structural Analysis of Carbon Materials for Energy Storage | C15: =IF('Communication Tracker'!C15="","",'Communication Tracker'!C15) -> Uppsala University | D15: =IFERROR(IF(ISNUMBER('Communication Tracker'!M15),'Communication Tracker'!M15,""),"") -> 9 | E15: =IFERROR('Communication Tracker'!L15,"") -> 46284 | F15: =IFERROR(IF(ISNUMBER('Communication Tracker'!N15),'Communication Tracker'!N15,""),"") -> 46298 | G15: =IF('Communication Tracker'!O15="","",'Communication Tracker'!O15) -> No Reply | H15: =IF('Communication Tracker'!B15="","",IF(OR('Communication Tracker'!O15="Positive Reply",'Communication Tracker'!O15="Accepted",'Communication Tracker'!O15="Rejected"),"Case closed - no action needed",IF(ISNUMBER('Communication Tracker'!M15),IF('Communication Tracker'!M15>14,"URGENT - send a follow-up today",IF('Communication Tracker'!M15>=7,"Prepare follow-up - send within "&(14-'Communication Tracker'!M15)&" days","Monitoring - next follow-up in "&(14-'Communication Tracker'!M15)&" days")),""))) -> Prepare follow-up - send within 5 days
A16: =IF('Communication Tracker'!B16="","",13) -> 13 | B16: =IF('Communication Tracker'!B16="","",'Communication Tracker'!B16) -> Postdoc: Multiphysics Modelling of Laser-Regolith Interaction (Moon) | C16: =IF('Communication Tracker'!C16="","",'Communication Tracker'!C16) -> Technical University of Denmark | D16: =IFERROR(IF(ISNUMBER('Communication Tracker'!M16),'Communication Tracker'!M16,""),"") -> 15 | E16: =IFERROR('Communication Tracker'!L16,"") -> 46278 | F16: =IFERROR(IF(ISNUMBER('Communication Tracker'!N16),'Communication Tracker'!N16,""),"") -> 46292 | G16: =IF('Communication Tracker'!O16="","",'Communication Tracker'!O16) -> Neutral Reply | H16: =IF('Communication Tracker'!B16="","",IF(OR('Communication Tracker'!O16="Positive Reply",'Communication Tracker'!O16="Accepted",'Communication Tracker'!O16="Rejected"),"Case closed - no action needed",IF(ISNUMBER('Communication Tracker'!M16),IF('Communication Tracker'!M16>14,"URGENT - send a follow-up today",IF('Communication Tracker'!M16>=7,"Prepare follow-up - send within "&(14-'Communication Tracker'!M16)&" days","Monitoring - next follow-up in "&(14-'Communication Tracker'!M16)&" days")),""))) -> URGENT - send a follow-up today
A17: =IF('Communication Tracker'!B17="","",14) -> 14 | B17: =IF('Communication Tracker'!B17="","",'Communication Tracker'!B17) -> Postdoctoral Researcher in Quantum Communications | C17: =IF('Communication Tracker'!C17="","",'Communication Tracker'!C17) -> University of Luxembourg | D17: =IFERROR(IF(ISNUMBER('Communication Tracker'!M17),'Communication Tracker'!M17,""),"") -> 6 | E17: =IFERROR('Communication Tracker'!L17,"") -> 46287 | F17: =IFERROR(IF(ISNUMBER('Communication Tracker'!N17),'Communication Tracker'!N17,""),"") -> 46301 | G17: =IF('Communication Tracker'!O17="","",'Communication Tracker'!O17) -> Sent | H17: =IF('Communication Tracker'!B17="","",IF(OR('Communication Tracker'!O17="Positive Reply",'Communication Tracker'!O17="Accepted",'Communication Tracker'!O17="Rejected"),"Case closed - no action needed",IF(ISNUMBER('Communication Tracker'!M17),IF('Communication Tracker'!M17>14,"URGENT - send a follow-up today",IF('Communication Tracker'!M17>=7,"Prepare follow-up - send within "&(14-'Communication Tracker'!M17)&" days","Monitoring - next follow-up in "&(14-'Communication Tracker'!M17)&" days")),""))) -> Monitoring - next follow-up in 8 days
A18: =IF('Communication Tracker'!B18="","",15) -> 15 | B18: =IF('Communication Tracker'!B18="","",'Communication Tracker'!B18) -> Research Associate in Steel Structures and Sustainable Design | C18: =IF('Communication Tracker'!C18="","",'Communication Tracker'!C18) -> University of Sheffield | D18: =IFERROR(IF(ISNUMBER('Communication Tracker'!M18),'Communication Tracker'!M18,""),"") -> 16 | E18: =IFERROR('Communication Tracker'!L18,"") -> 46277 | F18: =IFERROR(IF(ISNUMBER('Communication Tracker'!N18),'Communication Tracker'!N18,""),"") -> 46291 | G18: =IF('Communication Tracker'!O18="","",'Communication Tracker'!O18) -> No Reply | H18: =IF('Communication Tracker'!B18="","",IF(OR('Communication Tracker'!O18="Positive Reply",'Communication Tracker'!O18="Accepted",'Communication Tracker'!O18="Rejected"),"Case closed - no action needed",IF(ISNUMBER('Communication Tracker'!M18),IF('Communication Tracker'!M18>14,"URGENT - send a follow-up today",IF('Communication Tracker'!M18>=7,"Prepare follow-up - send within "&(14-'Communication Tracker'!M18)&" days","Monitoring - next follow-up in "&(14-'Communication Tracker'!M18)&" days")),""))) -> URGENT - send a follow-up today
A19: =IF('Communication Tracker'!B19="","",16) -> 16 | B19: =IF('Communication Tracker'!B19="","",'Communication Tracker'!B19) -> Postdoc in Synthesis and Crystal Growth of Molecular Conductors | C19: =IF('Communication Tracker'!C19="","",'Communication Tracker'!C19) -> Chalmers University of Technology | D19: =IFERROR(IF(ISNUMBER('Communication Tracker'!M19),'Communication Tracker'!M19,""),"") -> 18 | E19: =IFERROR('Communication Tracker'!L19,"") -> 46275 | F19: =IFERROR(IF(ISNUMBER('Communication Tracker'!N19),'Communication Tracker'!N19,""),"") -> 46289 | G19: =IF('Communication Tracker'!O19="","",'Communication Tracker'!O19) -> Interview Invitation | H19: =IF('Communication Tracker'!B19="","",IF(OR('Communication Tracker'!O19="Positive Reply",'Communication Tracker'!O19="Accepted",'Communication Tracker'!O19="Rejected"),"Case closed - no action needed",IF(ISNUMBER('Communication Tracker'!M19),IF('Communication Tracker'!M19>14,"URGENT - send a follow-up today",IF('Communication Tracker'!M19>=7,"Prepare follow-up - send within "&(14-'Communication Tracker'!M19)&" days","Monitoring - next follow-up in "&(14-'Communication Tracker'!M19)&" days")),""))) -> URGENT - send a follow-up today
A20: =IF('Communication Tracker'!B20="","",17) -> 17 | B20: =IF('Communication Tracker'!B20="","",'Communication Tracker'!B20) -> PhD Candidate in Children's Media in English (CLEAR Group) | C20: =IF('Communication Tracker'!C20="","",'Communication Tracker'!C20) -> NTNU | D20: =IFERROR(IF(ISNUMBER('Communication Tracker'!M20),'Communication Tracker'!M20,""),"") | E20: =IFERROR('Communication Tracker'!L20,"") -> 46256 | F20: =IFERROR(IF(ISNUMBER('Communication Tracker'!N20),'Communication Tracker'!N20,""),"") | G20: =IF('Communication Tracker'!O20="","",'Communication Tracker'!O20) -> Rejected | H20: =IF('Communication Tracker'!B20="","",IF(OR('Communication Tracker'!O20="Positive Reply",'Communication Tracker'!O20="Accepted",'Communication Tracker'!O20="Rejected"),"Case closed - no action needed",IF(ISNUMBER('Communication Tracker'!M20),IF('Communication Tracker'!M20>14,"URGENT - send a follow-up today",IF('Communication Tracker'!M20>=7,"Prepare follow-up - send within "&(14-'Communication Tracker'!M20)&" days","Monitoring - next follow-up in "&(14-'Communication Tracker'!M20)&" days")),""))) -> Case closed - no action needed
A21: =IF('Communication Tracker'!B21="","",18) -> 18 | B21: =IF('Communication Tracker'!B21="","",'Communication Tracker'!B21) -> PhD: Chemical Activity of Air Pollutants via Laser Spectroscopy | C21: =IF('Communication Tracker'!C21="","",'Communication Tracker'!C21) -> Forschungszentrum Jülich | D21: =IFERROR(IF(ISNUMBER('Communication Tracker'!M21),'Communication Tracker'!M21,""),"") -> 4 | E21: =IFERROR('Communication Tracker'!L21,"") -> 46289 | F21: =IFERROR(IF(ISNUMBER('Communication Tracker'!N21),'Communication Tracker'!N21,""),"") -> 46303 | G21: =IF('Communication Tracker'!O21="","",'Communication Tracker'!O21) -> Sent | H21: =IF('Communication Tracker'!B21="","",IF(OR('Communication Tracker'!O21="Positive Reply",'Communication Tracker'!O21="Accepted",'Communication Tracker'!O21="Rejected"),"Case closed - no action needed",IF(ISNUMBER('Communication Tracker'!M21),IF('Communication Tracker'!M21>14,"URGENT - send a follow-up today",IF('Communication Tracker'!M21>=7,"Prepare follow-up - send within "&(14-'Communication Tracker'!M21)&" days","Monitoring - next follow-up in "&(14-'Communication Tracker'!M21)&" days")),""))) -> Monitoring - next follow-up in 10 days
A22: =IF('Communication Tracker'!B22="","",19) -> 19 | B22: =IF('Communication Tracker'!B22="","",'Communication Tracker'!B22) -> Doctoral Fellow: Lunar Resource Production (LuMoCX / ERC) | C22: =IF('Communication Tracker'!C22="","",'Communication Tracker'!C22) -> Ghent University | D22: =IFERROR(IF(ISNUMBER('Communication Tracker'!M22),'Communication Tracker'!M22,""),"") -> 16 | E22: =IFERROR('Communication Tracker'!L22,"") -> 46277 | F22: =IFERROR(IF(ISNUMBER('Communication Tracker'!N22),'Communication Tracker'!N22,""),"") -> 46291 | G22: =IF('Communication Tracker'!O22="","",'Communication Tracker'!O22) -> No Reply | H22: =IF('Communication Tracker'!B22="","",IF(OR('Communication Tracker'!O22="Positive Reply",'Communication Tracker'!O22="Accepted",'Communication Tracker'!O22="Rejected"),"Case closed - no action needed",IF(ISNUMBER('Communication Tracker'!M22),IF('Communication Tracker'!M22>14,"URGENT - send a follow-up today",IF('Communication Tracker'!M22>=7,"Prepare follow-up - send within "&(14-'Communication Tracker'!M22)&" days","Monitoring - next follow-up in "&(14-'Communication Tracker'!M22)&" days")),""))) -> URGENT - send a follow-up today
A23: =IF('Communication Tracker'!B23="","",20) -> 20 | B23: =IF('Communication Tracker'!B23="","",'Communication Tracker'!B23) -> Postdoctoral Fellows in Proteomics: Neurodevelopment and Cancer | C23: =IF('Communication Tracker'!C23="","",'Communication Tracker'!C23) -> University of Helsinki | D23: =IFERROR(IF(ISNUMBER('Communication Tracker'!M23),'Communication Tracker'!M23,""),"") -> 27 | E23: =IFERROR('Communication Tracker'!L23,"") -> 46266 | F23: =IFERROR(IF(ISNUMBER('Communication Tracker'!N23),'Communication Tracker'!N23,""),"") -> 46280 | G23: =IF('Communication Tracker'!O23="","",'Communication Tracker'!O23) -> Neutral Reply | H23: =IF('Communication Tracker'!B23="","",IF(OR('Communication Tracker'!O23="Positive Reply",'Communication Tracker'!O23="Accepted",'Communication Tracker'!O23="Rejected"),"Case closed - no action needed",IF(ISNUMBER('Communication Tracker'!M23),IF('Communication Tracker'!M23>14,"URGENT - send a follow-up today",IF('Communication Tracker'!M23>=7,"Prepare follow-up - send within "&(14-'Communication Tracker'!M23)&" days","Monitoring - next follow-up in "&(14-'Communication Tracker'!M23)&" days")),""))) -> URGENT - send a follow-up today
A24: =IF('Communication Tracker'!B24="","",21) | B24: =IF('Communication Tracker'!B24="","",'Communication Tracker'!B24) | C24: =IF('Communication Tracker'!C24="","",'Communication Tracker'!C24) | D24: =IFERROR(IF(ISNUMBER('Communication Tracker'!M24),'Communication Tracker'!M24,""),"") | E24: =IFERROR('Communication Tracker'!L24,"") | F24: =IFERROR(IF(ISNUMBER('Communication Tracker'!N24),'Communication Tracker'!N24,""),"") | G24: =IF('Communication Tracker'!O24="","",'Communication Tracker'!O24) | H24: =IF('Communication Tracker'!B24="","",IF(OR('Communication Tracker'!O24="Positive Reply",'Communication Tracker'!O24="Accepted",'Communication Tracker'!O24="Rejected"),"Case closed - no action needed",IF(ISNUMBER('Communication Tracker'!M24),IF('Communication Tracker'!M24>14,"URGENT - send a follow-up today",IF('Communication Tracker'!M24>=7,"Prepare follow-up - send within "&(14-'Communication Tracker'!M24)&" days","Monitoring - next follow-up in "&(14-'Communication Tracker'!M24)&" days")),"")))
A25: =IF('Communication Tracker'!B25="","",22) | B25: =IF('Communication Tracker'!B25="","",'Communication Tracker'!B25) | C25: =IF('Communication Tracker'!C25="","",'Communication Tracker'!C25) | D25: =IFERROR(IF(ISNUMBER('Communication Tracker'!M25),'Communication Tracker'!M25,""),"") | E25: =IFERROR('Communication Tracker'!L25,"") | F25: =IFERROR(IF(ISNUMBER('Communication Tracker'!N25),'Communication Tracker'!N25,""),"") | G25: =IF('Communication Tracker'!O25="","",'Communication Tracker'!O25) | H25: =IF('Communication Tracker'!B25="","",IF(OR('Communication Tracker'!O25="Positive Reply",'Communication Tracker'!O25="Accepted",'Communication Tracker'!O25="Rejected"),"Case closed - no action needed",IF(ISNUMBER('Communication Tracker'!M25),IF('Communication Tracker'!M25>14,"URGENT - send a follow-up today",IF('Communication Tracker'!M25>=7,"Prepare follow-up - send within "&(14-'Communication Tracker'!M25)&" days","Monitoring - next follow-up in "&(14-'Communication Tracker'!M25)&" days")),"")))
A26: =IF('Communication Tracker'!B26="","",23) | B26: =IF('Communication Tracker'!B26="","",'Communication Tracker'!B26) | C26: =IF('Communication Tracker'!C26="","",'Communication Tracker'!C26) | D26: =IFERROR(IF(ISNUMBER('Communication Tracker'!M26),'Communication Tracker'!M26,""),"") | E26: =IFERROR('Communication Tracker'!L26,"") | F26: =IFERROR(IF(ISNUMBER('Communication Tracker'!N26),'Communication Tracker'!N26,""),"") | G26: =IF('Communication Tracker'!O26="","",'Communication Tracker'!O26) | H26: =IF('Communication Tracker'!B26="","",IF(OR('Communication Tracker'!O26="Positive Reply",'Communication Tracker'!O26="Accepted",'Communication Tracker'!O26="Rejected"),"Case closed - no action needed",IF(ISNUMBER('Communication Tracker'!M26),IF('Communication Tracker'!M26>14,"URGENT - send a follow-up today",IF('Communication Tracker'!M26>=7,"Prepare follow-up - send within "&(14-'Communication Tracker'!M26)&" days","Monitoring - next follow-up in "&(14-'Communication Tracker'!M26)&" days")),"")))
A27: =IF('Communication Tracker'!B27="","",24) | B27: =IF('Communication Tracker'!B27="","",'Communication Tracker'!B27) | C27: =IF('Communication Tracker'!C27="","",'Communication Tracker'!C27) | D27: =IFERROR(IF(ISNUMBER('Communication Tracker'!M27),'Communication Tracker'!M27,""),"") | E27: =IFERROR('Communication Tracker'!L27,"") | F27: =IFERROR(IF(ISNUMBER('Communication Tracker'!N27),'Communication Tracker'!N27,""),"") | G27: =IF('Communication Tracker'!O27="","",'Communication Tracker'!O27) | H27: =IF('Communication Tracker'!B27="","",IF(OR('Communication Tracker'!O27="Positive Reply",'Communication Tracker'!O27="Accepted",'Communication Tracker'!O27="Rejected"),"Case closed - no action needed",IF(ISNUMBER('Communication Tracker'!M27),IF('Communication Tracker'!M27>14,"URGENT - send a follow-up today",IF('Communication Tracker'!M27>=7,"Prepare follow-up - send within "&(14-'Communication Tracker'!M27)&" days","Monitoring - next follow-up in "&(14-'Communication Tracker'!M27)&" days")),"")))
A28: =IF('Communication Tracker'!B28="","",25) | B28: =IF('Communication Tracker'!B28="","",'Communication Tracker'!B28) | C28: =IF('Communication Tracker'!C28="","",'Communication Tracker'!C28) | D28: =IFERROR(IF(ISNUMBER('Communication Tracker'!M28),'Communication Tracker'!M28,""),"") | E28: =IFERROR('Communication Tracker'!L28,"") | F28: =IFERROR(IF(ISNUMBER('Communication Tracker'!N28),'Communication Tracker'!N28,""),"") | G28: =IF('Communication Tracker'!O28="","",'Communication Tracker'!O28) | H28: =IF('Communication Tracker'!B28="","",IF(OR('Communication Tracker'!O28="Positive Reply",'Communication Tracker'!O28="Accepted",'Communication Tracker'!O28="Rejected"),"Case closed - no action needed",IF(ISNUMBER('Communication Tracker'!M28),IF('Communication Tracker'!M28>14,"URGENT - send a follow-up today",IF('Communication Tracker'!M28>=7,"Prepare follow-up - send within "&(14-'Communication Tracker'!M28)&" days","Monitoring - next follow-up in "&(14-'Communication Tracker'!M28)&" days")),"")))
A29: =IF('Communication Tracker'!B29="","",26) | B29: =IF('Communication Tracker'!B29="","",'Communication Tracker'!B29) | C29: =IF('Communication Tracker'!C29="","",'Communication Tracker'!C29) | D29: =IFERROR(IF(ISNUMBER('Communication Tracker'!M29),'Communication Tracker'!M29,""),"") | E29: =IFERROR('Communication Tracker'!L29,"") | F29: =IFERROR(IF(ISNUMBER('Communication Tracker'!N29),'Communication Tracker'!N29,""),"") | G29: =IF('Communication Tracker'!O29="","",'Communication Tracker'!O29) | H29: =IF('Communication Tracker'!B29="","",IF(OR('Communication Tracker'!O29="Positive Reply",'Communication Tracker'!O29="Accepted",'Communication Tracker'!O29="Rejected"),"Case closed - no action needed",IF(ISNUMBER('Communication Tracker'!M29),IF('Communication Tracker'!M29>14,"URGENT - send a follow-up today",IF('Communication Tracker'!M29>=7,"Prepare follow-up - send within "&(14-'Communication Tracker'!M29)&" days","Monitoring - next follow-up in "&(14-'Communication Tracker'!M29)&" days")),"")))
A30: =IF('Communication Tracker'!B30="","",27) | B30: =IF('Communication Tracker'!B30="","",'Communication Tracker'!B30) | C30: =IF('Communication Tracker'!C30="","",'Communication Tracker'!C30) | D30: =IFERROR(IF(ISNUMBER('Communication Tracker'!M30),'Communication Tracker'!M30,""),"") | E30: =IFERROR('Communication Tracker'!L30,"") | F30: =IFERROR(IF(ISNUMBER('Communication Tracker'!N30),'Communication Tracker'!N30,""),"") | G30: =IF('Communication Tracker'!O30="","",'Communication Tracker'!O30) | H30: =IF('Communication Tracker'!B30="","",IF(OR('Communication Tracker'!O30="Positive Reply",'Communication Tracker'!O30="Accepted",'Communication Tracker'!O30="Rejected"),"Case closed - no action needed",IF(ISNUMBER('Communication Tracker'!M30),IF('Communication Tracker'!M30>14,"URGENT - send a follow-up today",IF('Communication Tracker'!M30>=7,"Prepare follow-up - send within "&(14-'Communication Tracker'!M30)&" days","Monitoring - next follow-up in "&(14-'Communication Tracker'!M30)&" days")),"")))
A31: =IF('Communication Tracker'!B31="","",28) | B31: =IF('Communication Tracker'!B31="","",'Communication Tracker'!B31) | C31: =IF('Communication Tracker'!C31="","",'Communication Tracker'!C31) | D31: =IFERROR(IF(ISNUMBER('Communication Tracker'!M31),'Communication Tracker'!M31,""),"") | E31: =IFERROR('Communication Tracker'!L31,"") | F31: =IFERROR(IF(ISNUMBER('Communication Tracker'!N31),'Communication Tracker'!N31,""),"") | G31: =IF('Communication Tracker'!O31="","",'Communication Tracker'!O31) | H31: =IF('Communication Tracker'!B31="","",IF(OR('Communication Tracker'!O31="Positive Reply",'Communication Tracker'!O31="Accepted",'Communication Tracker'!O31="Rejected"),"Case closed - no action needed",IF(ISNUMBER('Communication Tracker'!M31),IF('Communication Tracker'!M31>14,"URGENT - send a follow-up today",IF('Communication Tracker'!M31>=7,"Prepare follow-up - send within "&(14-'Communication Tracker'!M31)&" days","Monitoring - next follow-up in "&(14-'Communication Tracker'!M31)&" days")),"")))
A32: =IF('Communication Tracker'!B32="","",29) | B32: =IF('Communication Tracker'!B32="","",'Communication Tracker'!B32) | C32: =IF('Communication Tracker'!C32="","",'Communication Tracker'!C32) | D32: =IFERROR(IF(ISNUMBER('Communication Tracker'!M32),'Communication Tracker'!M32,""),"") | E32: =IFERROR('Communication Tracker'!L32,"") | F32: =IFERROR(IF(ISNUMBER('Communication Tracker'!N32),'Communication Tracker'!N32,""),"") | G32: =IF('Communication Tracker'!O32="","",'Communication Tracker'!O32) | H32: =IF('Communication Tracker'!B32="","",IF(OR('Communication Tracker'!O32="Positive Reply",'Communication Tracker'!O32="Accepted",'Communication Tracker'!O32="Rejected"),"Case closed - no action needed",IF(ISNUMBER('Communication Tracker'!M32),IF('Communication Tracker'!M32>14,"URGENT - send a follow-up today",IF('Communication Tracker'!M32>=7,"Prepare follow-up - send within "&(14-'Communication Tracker'!M32)&" days","Monitoring - next follow-up in "&(14-'Communication Tracker'!M32)&" days")),"")))
A33: =IF('Communication Tracker'!B33="","",30) | B33: =IF('Communication Tracker'!B33="","",'Communication Tracker'!B33) | C33: =IF('Communication Tracker'!C33="","",'Communication Tracker'!C33) | D33: =IFERROR(IF(ISNUMBER('Communication Tracker'!M33),'Communication Tracker'!M33,""),"") | E33: =IFERROR('Communication Tracker'!L33,"") | F33: =IFERROR(IF(ISNUMBER('Communication Tracker'!N33),'Communication Tracker'!N33,""),"") | G33: =IF('Communication Tracker'!O33="","",'Communication Tracker'!O33) | H33: =IF('Communication Tracker'!B33="","",IF(OR('Communication Tracker'!O33="Positive Reply",'Communication Tracker'!O33="Accepted",'Communication Tracker'!O33="Rejected"),"Case closed - no action needed",IF(ISNUMBER('Communication Tracker'!M33),IF('Communication Tracker'!M33>14,"URGENT - send a follow-up today",IF('Communication Tracker'!M33>=7,"Prepare follow-up - send within "&(14-'Communication Tracker'!M33)&" days","Monitoring - next follow-up in "&(14-'Communication Tracker'!M33)&" days")),"")))
A34: =IF('Communication Tracker'!B34="","",31) | B34: =IF('Communication Tracker'!B34="","",'Communication Tracker'!B34) | C34: =IF('Communication Tracker'!C34="","",'Communication Tracker'!C34) | D34: =IFERROR(IF(ISNUMBER('Communication Tracker'!M34),'Communication Tracker'!M34,""),"") | E34: =IFERROR('Communication Tracker'!L34,"") | F34: =IFERROR(IF(ISNUMBER('Communication Tracker'!N34),'Communication Tracker'!N34,""),"") | G34: =IF('Communication Tracker'!O34="","",'Communication Tracker'!O34) | H34: =IF('Communication Tracker'!B34="","",IF(OR('Communication Tracker'!O34="Positive Reply",'Communication Tracker'!O34="Accepted",'Communication Tracker'!O34="Rejected"),"Case closed - no action needed",IF(ISNUMBER('Communication Tracker'!M34),IF('Communication Tracker'!M34>14,"URGENT - send a follow-up today",IF('Communication Tracker'!M34>=7,"Prepare follow-up - send within "&(14-'Communication Tracker'!M34)&" days","Monitoring - next follow-up in "&(14-'Communication Tracker'!M34)&" days")),"")))
A35: =IF('Communication Tracker'!B35="","",32) | B35: =IF('Communication Tracker'!B35="","",'Communication Tracker'!B35) | C35: =IF('Communication Tracker'!C35="","",'Communication Tracker'!C35) | D35: =IFERROR(IF(ISNUMBER('Communication Tracker'!M35),'Communication Tracker'!M35,""),"") | E35: =IFERROR('Communication Tracker'!L35,"") | F35: =IFERROR(IF(ISNUMBER('Communication Tracker'!N35),'Communication Tracker'!N35,""),"") | G35: =IF('Communication Tracker'!O35="","",'Communication Tracker'!O35) | H35: =IF('Communication Tracker'!B35="","",IF(OR('Communication Tracker'!O35="Positive Reply",'Communication Tracker'!O35="Accepted",'Communication Tracker'!O35="Rejected"),"Case closed - no action needed",IF(ISNUMBER('Communication Tracker'!M35),IF('Communication Tracker'!M35>14,"URGENT - send a follow-up today",IF('Communication Tracker'!M35>=7,"Prepare follow-up - send within "&(14-'Communication Tracker'!M35)&" days","Monitoring - next follow-up in "&(14-'Communication Tracker'!M35)&" days")),"")))
A36: =IF('Communication Tracker'!B36="","",33) | B36: =IF('Communication Tracker'!B36="","",'Communication Tracker'!B36) | C36: =IF('Communication Tracker'!C36="","",'Communication Tracker'!C36) | D36: =IFERROR(IF(ISNUMBER('Communication Tracker'!M36),'Communication Tracker'!M36,""),"") | E36: =IFERROR('Communication Tracker'!L36,"") | F36: =IFERROR(IF(ISNUMBER('Communication Tracker'!N36),'Communication Tracker'!N36,""),"") | G36: =IF('Communication Tracker'!O36="","",'Communication Tracker'!O36) | H36: =IF('Communication Tracker'!B36="","",IF(OR('Communication Tracker'!O36="Positive Reply",'Communication Tracker'!O36="Accepted",'Communication Tracker'!O36="Rejected"),"Case closed - no action needed",IF(ISNUMBER('Communication Tracker'!M36),IF('Communication Tracker'!M36>14,"URGENT - send a follow-up today",IF('Communication Tracker'!M36>=7,"Prepare follow-up - send within "&(14-'Communication Tracker'!M36)&" days","Monitoring - next follow-up in "&(14-'Communication Tracker'!M36)&" days")),"")))
A37: =IF('Communication Tracker'!B37="","",34) | B37: =IF('Communication Tracker'!B37="","",'Communication Tracker'!B37) | C37: =IF('Communication Tracker'!C37="","",'Communication Tracker'!C37) | D37: =IFERROR(IF(ISNUMBER('Communication Tracker'!M37),'Communication Tracker'!M37,""),"") | E37: =IFERROR('Communication Tracker'!L37,"") | F37: =IFERROR(IF(ISNUMBER('Communication Tracker'!N37),'Communication Tracker'!N37,""),"") | G37: =IF('Communication Tracker'!O37="","",'Communication Tracker'!O37) | H37: =IF('Communication Tracker'!B37="","",IF(OR('Communication Tracker'!O37="Positive Reply",'Communication Tracker'!O37="Accepted",'Communication Tracker'!O37="Rejected"),"Case closed - no action needed",IF(ISNUMBER('Communication Tracker'!M37),IF('Communication Tracker'!M37>14,"URGENT - send a follow-up today",IF('Communication Tracker'!M37>=7,"Prepare follow-up - send within "&(14-'Communication Tracker'!M37)&" days","Monitoring - next follow-up in "&(14-'Communication Tracker'!M37)&" days")),"")))
A38: =IF('Communication Tracker'!B38="","",35) | B38: =IF('Communication Tracker'!B38="","",'Communication Tracker'!B38) | C38: =IF('Communication Tracker'!C38="","",'Communication Tracker'!C38) | D38: =IFERROR(IF(ISNUMBER('Communication Tracker'!M38),'Communication Tracker'!M38,""),"") | E38: =IFERROR('Communication Tracker'!L38,"") | F38: =IFERROR(IF(ISNUMBER('Communication Tracker'!N38),'Communication Tracker'!N38,""),"") | G38: =IF('Communication Tracker'!O38="","",'Communication Tracker'!O38) | H38: =IF('Communication Tracker'!B38="","",IF(OR('Communication Tracker'!O38="Positive Reply",'Communication Tracker'!O38="Accepted",'Communication Tracker'!O38="Rejected"),"Case closed - no action needed",IF(ISNUMBER('Communication Tracker'!M38),IF('Communication Tracker'!M38>14,"URGENT - send a follow-up today",IF('Communication Tracker'!M38>=7,"Prepare follow-up - send within "&(14-'Communication Tracker'!M38)&" days","Monitoring - next follow-up in "&(14-'Communication Tracker'!M38)&" days")),"")))
A39: =IF('Communication Tracker'!B39="","",36) | B39: =IF('Communication Tracker'!B39="","",'Communication Tracker'!B39) | C39: =IF('Communication Tracker'!C39="","",'Communication Tracker'!C39) | D39: =IFERROR(IF(ISNUMBER('Communication Tracker'!M39),'Communication Tracker'!M39,""),"") | E39: =IFERROR('Communication Tracker'!L39,"") | F39: =IFERROR(IF(ISNUMBER('Communication Tracker'!N39),'Communication Tracker'!N39,""),"") | G39: =IF('Communication Tracker'!O39="","",'Communication Tracker'!O39) | H39: =IF('Communication Tracker'!B39="","",IF(OR('Communication Tracker'!O39="Positive Reply",'Communication Tracker'!O39="Accepted",'Communication Tracker'!O39="Rejected"),"Case closed - no action needed",IF(ISNUMBER('Communication Tracker'!M39),IF('Communication Tracker'!M39>14,"URGENT - send a follow-up today",IF('Communication Tracker'!M39>=7,"Prepare follow-up - send within "&(14-'Communication Tracker'!M39)&" days","Monitoring - next follow-up in "&(14-'Communication Tracker'!M39)&" days")),"")))
A40: =IF('Communication Tracker'!B40="","",37) | B40: =IF('Communication Tracker'!B40="","",'Communication Tracker'!B40) | C40: =IF('Communication Tracker'!C40="","",'Communication Tracker'!C40) | D40: =IFERROR(IF(ISNUMBER('Communication Tracker'!M40),'Communication Tracker'!M40,""),"") | E40: =IFERROR('Communication Tracker'!L40,"") | F40: =IFERROR(IF(ISNUMBER('Communication Tracker'!N40),'Communication Tracker'!N40,""),"") | G40: =IF('Communication Tracker'!O40="","",'Communication Tracker'!O40) | H40: =IF('Communication Tracker'!B40="","",IF(OR('Communication Tracker'!O40="Positive Reply",'Communication Tracker'!O40="Accepted",'Communication Tracker'!O40="Rejected"),"Case closed - no action needed",IF(ISNUMBER('Communication Tracker'!M40),IF('Communication Tracker'!M40>14,"URGENT - send a follow-up today",IF('Communication Tracker'!M40>=7,"Prepare follow-up - send within "&(14-'Communication Tracker'!M40)&" days","Monitoring - next follow-up in "&(14-'Communication Tracker'!M40)&" days")),"")))
A41: =IF('Communication Tracker'!B41="","",38) | B41: =IF('Communication Tracker'!B41="","",'Communication Tracker'!B41) | C41: =IF('Communication Tracker'!C41="","",'Communication Tracker'!C41) | D41: =IFERROR(IF(ISNUMBER('Communication Tracker'!M41),'Communication Tracker'!M41,""),"") | E41: =IFERROR('Communication Tracker'!L41,"") | F41: =IFERROR(IF(ISNUMBER('Communication Tracker'!N41),'Communication Tracker'!N41,""),"") | G41: =IF('Communication Tracker'!O41="","",'Communication Tracker'!O41) | H41: =IF('Communication Tracker'!B41="","",IF(OR('Communication Tracker'!O41="Positive Reply",'Communication Tracker'!O41="Accepted",'Communication Tracker'!O41="Rejected"),"Case closed - no action needed",IF(ISNUMBER('Communication Tracker'!M41),IF('Communication Tracker'!M41>14,"URGENT - send a follow-up today",IF('Communication Tracker'!M41>=7,"Prepare follow-up - send within "&(14-'Communication Tracker'!M41)&" days","Monitoring - next follow-up in "&(14-'Communication Tracker'!M41)&" days")),"")))
A42: =IF('Communication Tracker'!B42="","",39) | B42: =IF('Communication Tracker'!B42="","",'Communication Tracker'!B42) | C42: =IF('Communication Tracker'!C42="","",'Communication Tracker'!C42) | D42: =IFERROR(IF(ISNUMBER('Communication Tracker'!M42),'Communication Tracker'!M42,""),"") | E42: =IFERROR('Communication Tracker'!L42,"") | F42: =IFERROR(IF(ISNUMBER('Communication Tracker'!N42),'Communication Tracker'!N42,""),"") | G42: =IF('Communication Tracker'!O42="","",'Communication Tracker'!O42) | H42: =IF('Communication Tracker'!B42="","",IF(OR('Communication Tracker'!O42="Positive Reply",'Communication Tracker'!O42="Accepted",'Communication Tracker'!O42="Rejected"),"Case closed - no action needed",IF(ISNUMBER('Communication Tracker'!M42),IF('Communication Tracker'!M42>14,"URGENT - send a follow-up today",IF('Communication Tracker'!M42>=7,"Prepare follow-up - send within "&(14-'Communication Tracker'!M42)&" days","Monitoring - next follow-up in "&(14-'Communication Tracker'!M42)&" days")),"")))
A43: =IF('Communication Tracker'!B43="","",40) | B43: =IF('Communication Tracker'!B43="","",'Communication Tracker'!B43) | C43: =IF('Communication Tracker'!C43="","",'Communication Tracker'!C43) | D43: =IFERROR(IF(ISNUMBER('Communication Tracker'!M43),'Communication Tracker'!M43,""),"") | E43: =IFERROR('Communication Tracker'!L43,"") | F43: =IFERROR(IF(ISNUMBER('Communication Tracker'!N43),'Communication Tracker'!N43,""),"") | G43: =IF('Communication Tracker'!O43="","",'Communication Tracker'!O43) | H43: =IF('Communication Tracker'!B43="","",IF(OR('Communication Tracker'!O43="Positive Reply",'Communication Tracker'!O43="Accepted",'Communication Tracker'!O43="Rejected"),"Case closed - no action needed",IF(ISNUMBER('Communication Tracker'!M43),IF('Communication Tracker'!M43>14,"URGENT - send a follow-up today",IF('Communication Tracker'!M43>=7,"Prepare follow-up - send within "&(14-'Communication Tracker'!M43)&" days","Monitoring - next follow-up in "&(14-'Communication Tracker'!M43)&" days")),"")))
A44: =IF('Communication Tracker'!B44="","",41) | B44: =IF('Communication Tracker'!B44="","",'Communication Tracker'!B44) | C44: =IF('Communication Tracker'!C44="","",'Communication Tracker'!C44) | D44: =IFERROR(IF(ISNUMBER('Communication Tracker'!M44),'Communication Tracker'!M44,""),"") | E44: =IFERROR('Communication Tracker'!L44,"") | F44: =IFERROR(IF(ISNUMBER('Communication Tracker'!N44),'Communication Tracker'!N44,""),"") | G44: =IF('Communication Tracker'!O44="","",'Communication Tracker'!O44) | H44: =IF('Communication Tracker'!B44="","",IF(OR('Communication Tracker'!O44="Positive Reply",'Communication Tracker'!O44="Accepted",'Communication Tracker'!O44="Rejected"),"Case closed - no action needed",IF(ISNUMBER('Communication Tracker'!M44),IF('Communication Tracker'!M44>14,"URGENT - send a follow-up today",IF('Communication Tracker'!M44>=7,"Prepare follow-up - send within "&(14-'Communication Tracker'!M44)&" days","Monitoring - next follow-up in "&(14-'Communication Tracker'!M44)&" days")),"")))
A45: =IF('Communication Tracker'!B45="","",42) | B45: =IF('Communication Tracker'!B45="","",'Communication Tracker'!B45) | C45: =IF('Communication Tracker'!C45="","",'Communication Tracker'!C45) | D45: =IFERROR(IF(ISNUMBER('Communication Tracker'!M45),'Communication Tracker'!M45,""),"") | E45: =IFERROR('Communication Tracker'!L45,"") | F45: =IFERROR(IF(ISNUMBER('Communication Tracker'!N45),'Communication Tracker'!N45,""),"") | G45: =IF('Communication Tracker'!O45="","",'Communication Tracker'!O45) | H45: =IF('Communication Tracker'!B45="","",IF(OR('Communication Tracker'!O45="Positive Reply",'Communication Tracker'!O45="Accepted",'Communication Tracker'!O45="Rejected"),"Case closed - no action needed",IF(ISNUMBER('Communication Tracker'!M45),IF('Communication Tracker'!M45>14,"URGENT - send a follow-up today",IF('Communication Tracker'!M45>=7,"Prepare follow-up - send within "&(14-'Communication Tracker'!M45)&" days","Monitoring - next follow-up in "&(14-'Communication Tracker'!M45)&" days")),"")))
A46: =IF('Communication Tracker'!B46="","",43) | B46: =IF('Communication Tracker'!B46="","",'Communication Tracker'!B46) | C46: =IF('Communication Tracker'!C46="","",'Communication Tracker'!C46) | D46: =IFERROR(IF(ISNUMBER('Communication Tracker'!M46),'Communication Tracker'!M46,""),"") | E46: =IFERROR('Communication Tracker'!L46,"") | F46: =IFERROR(IF(ISNUMBER('Communication Tracker'!N46),'Communication Tracker'!N46,""),"") | G46: =IF('Communication Tracker'!O46="","",'Communication Tracker'!O46) | H46: =IF('Communication Tracker'!B46="","",IF(OR('Communication Tracker'!O46="Positive Reply",'Communication Tracker'!O46="Accepted",'Communication Tracker'!O46="Rejected"),"Case closed - no action needed",IF(ISNUMBER('Communication Tracker'!M46),IF('Communication Tracker'!M46>14,"URGENT - send a follow-up today",IF('Communication Tracker'!M46>=7,"Prepare follow-up - send within "&(14-'Communication Tracker'!M46)&" days","Monitoring - next follow-up in "&(14-'Communication Tracker'!M46)&" days")),"")))
A47: =IF('Communication Tracker'!B47="","",44) | B47: =IF('Communication Tracker'!B47="","",'Communication Tracker'!B47) | C47: =IF('Communication Tracker'!C47="","",'Communication Tracker'!C47) | D47: =IFERROR(IF(ISNUMBER('Communication Tracker'!M47),'Communication Tracker'!M47,""),"") | E47: =IFERROR('Communication Tracker'!L47,"") | F47: =IFERROR(IF(ISNUMBER('Communication Tracker'!N47),'Communication Tracker'!N47,""),"") | G47: =IF('Communication Tracker'!O47="","",'Communication Tracker'!O47) | H47: =IF('Communication Tracker'!B47="","",IF(OR('Communication Tracker'!O47="Positive Reply",'Communication Tracker'!O47="Accepted",'Communication Tracker'!O47="Rejected"),"Case closed - no action needed",IF(ISNUMBER('Communication Tracker'!M47),IF('Communication Tracker'!M47>14,"URGENT - send a follow-up today",IF('Communication Tracker'!M47>=7,"Prepare follow-up - send within "&(14-'Communication Tracker'!M47)&" days","Monitoring - next follow-up in "&(14-'Communication Tracker'!M47)&" days")),"")))
A48: =IF('Communication Tracker'!B48="","",45) | B48: =IF('Communication Tracker'!B48="","",'Communication Tracker'!B48) | C48: =IF('Communication Tracker'!C48="","",'Communication Tracker'!C48) | D48: =IFERROR(IF(ISNUMBER('Communication Tracker'!M48),'Communication Tracker'!M48,""),"") | E48: =IFERROR('Communication Tracker'!L48,"") | F48: =IFERROR(IF(ISNUMBER('Communication Tracker'!N48),'Communication Tracker'!N48,""),"") | G48: =IF('Communication Tracker'!O48="","",'Communication Tracker'!O48) | H48: =IF('Communication Tracker'!B48="","",IF(OR('Communication Tracker'!O48="Positive Reply",'Communication Tracker'!O48="Accepted",'Communication Tracker'!O48="Rejected"),"Case closed - no action needed",IF(ISNUMBER('Communication Tracker'!M48),IF('Communication Tracker'!M48>14,"URGENT - send a follow-up today",IF('Communication Tracker'!M48>=7,"Prepare follow-up - send within "&(14-'Communication Tracker'!M48)&" days","Monitoring - next follow-up in "&(14-'Communication Tracker'!M48)&" days")),"")))
A49: =IF('Communication Tracker'!B49="","",46) | B49: =IF('Communication Tracker'!B49="","",'Communication Tracker'!B49) | C49: =IF('Communication Tracker'!C49="","",'Communication Tracker'!C49) | D49: =IFERROR(IF(ISNUMBER('Communication Tracker'!M49),'Communication Tracker'!M49,""),"") | E49: =IFERROR('Communication Tracker'!L49,"") | F49: =IFERROR(IF(ISNUMBER('Communication Tracker'!N49),'Communication Tracker'!N49,""),"") | G49: =IF('Communication Tracker'!O49="","",'Communication Tracker'!O49) | H49: =IF('Communication Tracker'!B49="","",IF(OR('Communication Tracker'!O49="Positive Reply",'Communication Tracker'!O49="Accepted",'Communication Tracker'!O49="Rejected"),"Case closed - no action needed",IF(ISNUMBER('Communication Tracker'!M49),IF('Communication Tracker'!M49>14,"URGENT - send a follow-up today",IF('Communication Tracker'!M49>=7,"Prepare follow-up - send within "&(14-'Communication Tracker'!M49)&" days","Monitoring - next follow-up in "&(14-'Communication Tracker'!M49)&" days")),"")))
A50: =IF('Communication Tracker'!B50="","",47) | B50: =IF('Communication Tracker'!B50="","",'Communication Tracker'!B50) | C50: =IF('Communication Tracker'!C50="","",'Communication Tracker'!C50) | D50: =IFERROR(IF(ISNUMBER('Communication Tracker'!M50),'Communication Tracker'!M50,""),"") | E50: =IFERROR('Communication Tracker'!L50,"") | F50: =IFERROR(IF(ISNUMBER('Communication Tracker'!N50),'Communication Tracker'!N50,""),"") | G50: =IF('Communication Tracker'!O50="","",'Communication Tracker'!O50) | H50: =IF('Communication Tracker'!B50="","",IF(OR('Communication Tracker'!O50="Positive Reply",'Communication Tracker'!O50="Accepted",'Communication Tracker'!O50="Rejected"),"Case closed - no action needed",IF(ISNUMBER('Communication Tracker'!M50),IF('Communication Tracker'!M50>14,"URGENT - send a follow-up today",IF('Communication Tracker'!M50>=7,"Prepare follow-up - send within "&(14-'Communication Tracker'!M50)&" days","Monitoring - next follow-up in "&(14-'Communication Tracker'!M50)&" days")),"")))
A51: =IF('Communication Tracker'!B51="","",48) | B51: =IF('Communication Tracker'!B51="","",'Communication Tracker'!B51) | C51: =IF('Communication Tracker'!C51="","",'Communication Tracker'!C51) | D51: =IFERROR(IF(ISNUMBER('Communication Tracker'!M51),'Communication Tracker'!M51,""),"") | E51: =IFERROR('Communication Tracker'!L51,"") | F51: =IFERROR(IF(ISNUMBER('Communication Tracker'!N51),'Communication Tracker'!N51,""),"") | G51: =IF('Communication Tracker'!O51="","",'Communication Tracker'!O51) | H51: =IF('Communication Tracker'!B51="","",IF(OR('Communication Tracker'!O51="Positive Reply",'Communication Tracker'!O51="Accepted",'Communication Tracker'!O51="Rejected"),"Case closed - no action needed",IF(ISNUMBER('Communication Tracker'!M51),IF('Communication Tracker'!M51>14,"URGENT - send a follow-up today",IF('Communication Tracker'!M51>=7,"Prepare follow-up - send within "&(14-'Communication Tracker'!M51)&" days","Monitoring - next follow-up in "&(14-'Communication Tracker'!M51)&" days")),"")))
A52: =IF('Communication Tracker'!B52="","",49) | B52: =IF('Communication Tracker'!B52="","",'Communication Tracker'!B52) | C52: =IF('Communication Tracker'!C52="","",'Communication Tracker'!C52) | D52: =IFERROR(IF(ISNUMBER('Communication Tracker'!M52),'Communication Tracker'!M52,""),"") | E52: =IFERROR('Communication Tracker'!L52,"") | F52: =IFERROR(IF(ISNUMBER('Communication Tracker'!N52),'Communication Tracker'!N52,""),"") | G52: =IF('Communication Tracker'!O52="","",'Communication Tracker'!O52) | H52: =IF('Communication Tracker'!B52="","",IF(OR('Communication Tracker'!O52="Positive Reply",'Communication Tracker'!O52="Accepted",'Communication Tracker'!O52="Rejected"),"Case closed - no action needed",IF(ISNUMBER('Communication Tracker'!M52),IF('Communication Tracker'!M52>14,"URGENT - send a follow-up today",IF('Communication Tracker'!M52>=7,"Prepare follow-up - send within "&(14-'Communication Tracker'!M52)&" days","Monitoring - next follow-up in "&(14-'Communication Tracker'!M52)&" days")),"")))
A53: =IF('Communication Tracker'!B53="","",50) | B53: =IF('Communication Tracker'!B53="","",'Communication Tracker'!B53) | C53: =IF('Communication Tracker'!C53="","",'Communication Tracker'!C53) | D53: =IFERROR(IF(ISNUMBER('Communication Tracker'!M53),'Communication Tracker'!M53,""),"") | E53: =IFERROR('Communication Tracker'!L53,"") | F53: =IFERROR(IF(ISNUMBER('Communication Tracker'!N53),'Communication Tracker'!N53,""),"") | G53: =IF('Communication Tracker'!O53="","",'Communication Tracker'!O53) | H53: =IF('Communication Tracker'!B53="","",IF(OR('Communication Tracker'!O53="Positive Reply",'Communication Tracker'!O53="Accepted",'Communication Tracker'!O53="Rejected"),"Case closed - no action needed",IF(ISNUMBER('Communication Tracker'!M53),IF('Communication Tracker'!M53>14,"URGENT - send a follow-up today",IF('Communication Tracker'!M53>=7,"Prepare follow-up - send within "&(14-'Communication Tracker'!M53)&" days","Monitoring - next follow-up in "&(14-'Communication Tracker'!M53)&" days")),"")))
A54: =IF('Communication Tracker'!B54="","",51) | B54: =IF('Communication Tracker'!B54="","",'Communication Tracker'!B54) | C54: =IF('Communication Tracker'!C54="","",'Communication Tracker'!C54) | D54: =IFERROR(IF(ISNUMBER('Communication Tracker'!M54),'Communication Tracker'!M54,""),"") | E54: =IFERROR('Communication Tracker'!L54,"") | F54: =IFERROR(IF(ISNUMBER('Communication Tracker'!N54),'Communication Tracker'!N54,""),"") | G54: =IF('Communication Tracker'!O54="","",'Communication Tracker'!O54) | H54: =IF('Communication Tracker'!B54="","",IF(OR('Communication Tracker'!O54="Positive Reply",'Communication Tracker'!O54="Accepted",'Communication Tracker'!O54="Rejected"),"Case closed - no action needed",IF(ISNUMBER('Communication Tracker'!M54),IF('Communication Tracker'!M54>14,"URGENT - send a follow-up today",IF('Communication Tracker'!M54>=7,"Prepare follow-up - send within "&(14-'Communication Tracker'!M54)&" days","Monitoring - next follow-up in "&(14-'Communication Tracker'!M54)&" days")),"")))
A55: =IF('Communication Tracker'!B55="","",52) | B55: =IF('Communication Tracker'!B55="","",'Communication Tracker'!B55) | C55: =IF('Communication Tracker'!C55="","",'Communication Tracker'!C55) | D55: =IFERROR(IF(ISNUMBER('Communication Tracker'!M55),'Communication Tracker'!M55,""),"") | E55: =IFERROR('Communication Tracker'!L55,"") | F55: =IFERROR(IF(ISNUMBER('Communication Tracker'!N55),'Communication Tracker'!N55,""),"") | G55: =IF('Communication Tracker'!O55="","",'Communication Tracker'!O55) | H55: =IF('Communication Tracker'!B55="","",IF(OR('Communication Tracker'!O55="Positive Reply",'Communication Tracker'!O55="Accepted",'Communication Tracker'!O55="Rejected"),"Case closed - no action needed",IF(ISNUMBER('Communication Tracker'!M55),IF('Communication Tracker'!M55>14,"URGENT - send a follow-up today",IF('Communication Tracker'!M55>=7,"Prepare follow-up - send within "&(14-'Communication Tracker'!M55)&" days","Monitoring - next follow-up in "&(14-'Communication Tracker'!M55)&" days")),"")))
A56: =IF('Communication Tracker'!B56="","",53) | B56: =IF('Communication Tracker'!B56="","",'Communication Tracker'!B56) | C56: =IF('Communication Tracker'!C56="","",'Communication Tracker'!C56) | D56: =IFERROR(IF(ISNUMBER('Communication Tracker'!M56),'Communication Tracker'!M56,""),"") | E56: =IFERROR('Communication Tracker'!L56,"") | F56: =IFERROR(IF(ISNUMBER('Communication Tracker'!N56),'Communication Tracker'!N56,""),"") | G56: =IF('Communication Tracker'!O56="","",'Communication Tracker'!O56) | H56: =IF('Communication Tracker'!B56="","",IF(OR('Communication Tracker'!O56="Positive Reply",'Communication Tracker'!O56="Accepted",'Communication Tracker'!O56="Rejected"),"Case closed - no action needed",IF(ISNUMBER('Communication Tracker'!M56),IF('Communication Tracker'!M56>14,"URGENT - send a follow-up today",IF('Communication Tracker'!M56>=7,"Prepare follow-up - send within "&(14-'Communication Tracker'!M56)&" days","Monitoring - next follow-up in "&(14-'Communication Tracker'!M56)&" days")),"")))
A57: =IF('Communication Tracker'!B57="","",54) | B57: =IF('Communication Tracker'!B57="","",'Communication Tracker'!B57) | C57: =IF('Communication Tracker'!C57="","",'Communication Tracker'!C57) | D57: =IFERROR(IF(ISNUMBER('Communication Tracker'!M57),'Communication Tracker'!M57,""),"") | E57: =IFERROR('Communication Tracker'!L57,"") | F57: =IFERROR(IF(ISNUMBER('Communication Tracker'!N57),'Communication Tracker'!N57,""),"") | G57: =IF('Communication Tracker'!O57="","",'Communication Tracker'!O57) | H57: =IF('Communication Tracker'!B57="","",IF(OR('Communication Tracker'!O57="Positive Reply",'Communication Tracker'!O57="Accepted",'Communication Tracker'!O57="Rejected"),"Case closed - no action needed",IF(ISNUMBER('Communication Tracker'!M57),IF('Communication Tracker'!M57>14,"URGENT - send a follow-up today",IF('Communication Tracker'!M57>=7,"Prepare follow-up - send within "&(14-'Communication Tracker'!M57)&" days","Monitoring - next follow-up in "&(14-'Communication Tracker'!M57)&" days")),"")))
A58: =IF('Communication Tracker'!B58="","",55) | B58: =IF('Communication Tracker'!B58="","",'Communication Tracker'!B58) | C58: =IF('Communication Tracker'!C58="","",'Communication Tracker'!C58) | D58: =IFERROR(IF(ISNUMBER('Communication Tracker'!M58),'Communication Tracker'!M58,""),"") | E58: =IFERROR('Communication Tracker'!L58,"") | F58: =IFERROR(IF(ISNUMBER('Communication Tracker'!N58),'Communication Tracker'!N58,""),"") | G58: =IF('Communication Tracker'!O58="","",'Communication Tracker'!O58) | H58: =IF('Communication Tracker'!B58="","",IF(OR('Communication Tracker'!O58="Positive Reply",'Communication Tracker'!O58="Accepted",'Communication Tracker'!O58="Rejected"),"Case closed - no action needed",IF(ISNUMBER('Communication Tracker'!M58),IF('Communication Tracker'!M58>14,"URGENT - send a follow-up today",IF('Communication Tracker'!M58>=7,"Prepare follow-up - send within "&(14-'Communication Tracker'!M58)&" days","Monitoring - next follow-up in "&(14-'Communication Tracker'!M58)&" days")),"")))
A59: =IF('Communication Tracker'!B59="","",56) | B59: =IF('Communication Tracker'!B59="","",'Communication Tracker'!B59) | C59: =IF('Communication Tracker'!C59="","",'Communication Tracker'!C59) | D59: =IFERROR(IF(ISNUMBER('Communication Tracker'!M59),'Communication Tracker'!M59,""),"") | E59: =IFERROR('Communication Tracker'!L59,"") | F59: =IFERROR(IF(ISNUMBER('Communication Tracker'!N59),'Communication Tracker'!N59,""),"") | G59: =IF('Communication Tracker'!O59="","",'Communication Tracker'!O59) | H59: =IF('Communication Tracker'!B59="","",IF(OR('Communication Tracker'!O59="Positive Reply",'Communication Tracker'!O59="Accepted",'Communication Tracker'!O59="Rejected"),"Case closed - no action needed",IF(ISNUMBER('Communication Tracker'!M59),IF('Communication Tracker'!M59>14,"URGENT - send a follow-up today",IF('Communication Tracker'!M59>=7,"Prepare follow-up - send within "&(14-'Communication Tracker'!M59)&" days","Monitoring - next follow-up in "&(14-'Communication Tracker'!M59)&" days")),"")))
A60: =IF('Communication Tracker'!B60="","",57) | B60: =IF('Communication Tracker'!B60="","",'Communication Tracker'!B60) | C60: =IF('Communication Tracker'!C60="","",'Communication Tracker'!C60) | D60: =IFERROR(IF(ISNUMBER('Communication Tracker'!M60),'Communication Tracker'!M60,""),"") | E60: =IFERROR('Communication Tracker'!L60,"") | F60: =IFERROR(IF(ISNUMBER('Communication Tracker'!N60),'Communication Tracker'!N60,""),"") | G60: =IF('Communication Tracker'!O60="","",'Communication Tracker'!O60) | H60: =IF('Communication Tracker'!B60="","",IF(OR('Communication Tracker'!O60="Positive Reply",'Communication Tracker'!O60="Accepted",'Communication Tracker'!O60="Rejected"),"Case closed - no action needed",IF(ISNUMBER('Communication Tracker'!M60),IF('Communication Tracker'!M60>14,"URGENT - send a follow-up today",IF('Communication Tracker'!M60>=7,"Prepare follow-up - send within "&(14-'Communication Tracker'!M60)&" days","Monitoring - next follow-up in "&(14-'Communication Tracker'!M60)&" days")),"")))
A61: =IF('Communication Tracker'!B61="","",58) | B61: =IF('Communication Tracker'!B61="","",'Communication Tracker'!B61) | C61: =IF('Communication Tracker'!C61="","",'Communication Tracker'!C61) | D61: =IFERROR(IF(ISNUMBER('Communication Tracker'!M61),'Communication Tracker'!M61,""),"") | E61: =IFERROR('Communication Tracker'!L61,"") | F61: =IFERROR(IF(ISNUMBER('Communication Tracker'!N61),'Communication Tracker'!N61,""),"") | G61: =IF('Communication Tracker'!O61="","",'Communication Tracker'!O61) | H61: =IF('Communication Tracker'!B61="","",IF(OR('Communication Tracker'!O61="Positive Reply",'Communication Tracker'!O61="Accepted",'Communication Tracker'!O61="Rejected"),"Case closed - no action needed",IF(ISNUMBER('Communication Tracker'!M61),IF('Communication Tracker'!M61>14,"URGENT - send a follow-up today",IF('Communication Tracker'!M61>=7,"Prepare follow-up - send within "&(14-'Communication Tracker'!M61)&" days","Monitoring - next follow-up in "&(14-'Communication Tracker'!M61)&" days")),"")))
A62: =IF('Communication Tracker'!B62="","",59) | B62: =IF('Communication Tracker'!B62="","",'Communication Tracker'!B62) | C62: =IF('Communication Tracker'!C62="","",'Communication Tracker'!C62) | D62: =IFERROR(IF(ISNUMBER('Communication Tracker'!M62),'Communication Tracker'!M62,""),"") | E62: =IFERROR('Communication Tracker'!L62,"") | F62: =IFERROR(IF(ISNUMBER('Communication Tracker'!N62),'Communication Tracker'!N62,""),"") | G62: =IF('Communication Tracker'!O62="","",'Communication Tracker'!O62) | H62: =IF('Communication Tracker'!B62="","",IF(OR('Communication Tracker'!O62="Positive Reply",'Communication Tracker'!O62="Accepted",'Communication Tracker'!O62="Rejected"),"Case closed - no action needed",IF(ISNUMBER('Communication Tracker'!M62),IF('Communication Tracker'!M62>14,"URGENT - send a follow-up today",IF('Communication Tracker'!M62>=7,"Prepare follow-up - send within "&(14-'Communication Tracker'!M62)&" days","Monitoring - next follow-up in "&(14-'Communication Tracker'!M62)&" days")),"")))
A63: =IF('Communication Tracker'!B63="","",60) | B63: =IF('Communication Tracker'!B63="","",'Communication Tracker'!B63) | C63: =IF('Communication Tracker'!C63="","",'Communication Tracker'!C63) | D63: =IFERROR(IF(ISNUMBER('Communication Tracker'!M63),'Communication Tracker'!M63,""),"") | E63: =IFERROR('Communication Tracker'!L63,"") | F63: =IFERROR(IF(ISNUMBER('Communication Tracker'!N63),'Communication Tracker'!N63,""),"") | G63: =IF('Communication Tracker'!O63="","",'Communication Tracker'!O63) | H63: =IF('Communication Tracker'!B63="","",IF(OR('Communication Tracker'!O63="Positive Reply",'Communication Tracker'!O63="Accepted",'Communication Tracker'!O63="Rejected"),"Case closed - no action needed",IF(ISNUMBER('Communication Tracker'!M63),IF('Communication Tracker'!M63>14,"URGENT - send a follow-up today",IF('Communication Tracker'!M63>=7,"Prepare follow-up - send within "&(14-'Communication Tracker'!M63)&" days","Monitoring - next follow-up in "&(14-'Communication Tracker'!M63)&" days")),"")))
A64: =IF('Communication Tracker'!B64="","",61) | B64: =IF('Communication Tracker'!B64="","",'Communication Tracker'!B64) | C64: =IF('Communication Tracker'!C64="","",'Communication Tracker'!C64) | D64: =IFERROR(IF(ISNUMBER('Communication Tracker'!M64),'Communication Tracker'!M64,""),"") | E64: =IFERROR('Communication Tracker'!L64,"") | F64: =IFERROR(IF(ISNUMBER('Communication Tracker'!N64),'Communication Tracker'!N64,""),"") | G64: =IF('Communication Tracker'!O64="","",'Communication Tracker'!O64) | H64: =IF('Communication Tracker'!B64="","",IF(OR('Communication Tracker'!O64="Positive Reply",'Communication Tracker'!O64="Accepted",'Communication Tracker'!O64="Rejected"),"Case closed - no action needed",IF(ISNUMBER('Communication Tracker'!M64),IF('Communication Tracker'!M64>14,"URGENT - send a follow-up today",IF('Communication Tracker'!M64>=7,"Prepare follow-up - send within "&(14-'Communication Tracker'!M64)&" days","Monitoring - next follow-up in "&(14-'Communication Tracker'!M64)&" days")),"")))
A65: =IF('Communication Tracker'!B65="","",62) | B65: =IF('Communication Tracker'!B65="","",'Communication Tracker'!B65) | C65: =IF('Communication Tracker'!C65="","",'Communication Tracker'!C65) | D65: =IFERROR(IF(ISNUMBER('Communication Tracker'!M65),'Communication Tracker'!M65,""),"") | E65: =IFERROR('Communication Tracker'!L65,"") | F65: =IFERROR(IF(ISNUMBER('Communication Tracker'!N65),'Communication Tracker'!N65,""),"") | G65: =IF('Communication Tracker'!O65="","",'Communication Tracker'!O65) | H65: =IF('Communication Tracker'!B65="","",IF(OR('Communication Tracker'!O65="Positive Reply",'Communication Tracker'!O65="Accepted",'Communication Tracker'!O65="Rejected"),"Case closed - no action needed",IF(ISNUMBER('Communication Tracker'!M65),IF('Communication Tracker'!M65>14,"URGENT - send a follow-up today",IF('Communication Tracker'!M65>=7,"Prepare follow-up - send within "&(14-'Communication Tracker'!M65)&" days","Monitoring - next follow-up in "&(14-'Communication Tracker'!M65)&" days")),"")))
A66: =IF('Communication Tracker'!B66="","",63) | B66: =IF('Communication Tracker'!B66="","",'Communication Tracker'!B66) | C66: =IF('Communication Tracker'!C66="","",'Communication Tracker'!C66) | D66: =IFERROR(IF(ISNUMBER('Communication Tracker'!M66),'Communication Tracker'!M66,""),"") | E66: =IFERROR('Communication Tracker'!L66,"") | F66: =IFERROR(IF(ISNUMBER('Communication Tracker'!N66),'Communication Tracker'!N66,""),"") | G66: =IF('Communication Tracker'!O66="","",'Communication Tracker'!O66) | H66: =IF('Communication Tracker'!B66="","",IF(OR('Communication Tracker'!O66="Positive Reply",'Communication Tracker'!O66="Accepted",'Communication Tracker'!O66="Rejected"),"Case closed - no action needed",IF(ISNUMBER('Communication Tracker'!M66),IF('Communication Tracker'!M66>14,"URGENT - send a follow-up today",IF('Communication Tracker'!M66>=7,"Prepare follow-up - send within "&(14-'Communication Tracker'!M66)&" days","Monitoring - next follow-up in "&(14-'Communication Tracker'!M66)&" days")),"")))
A67: =IF('Communication Tracker'!B67="","",64) | B67: =IF('Communication Tracker'!B67="","",'Communication Tracker'!B67) | C67: =IF('Communication Tracker'!C67="","",'Communication Tracker'!C67) | D67: =IFERROR(IF(ISNUMBER('Communication Tracker'!M67),'Communication Tracker'!M67,""),"") | E67: =IFERROR('Communication Tracker'!L67,"") | F67: =IFERROR(IF(ISNUMBER('Communication Tracker'!N67),'Communication Tracker'!N67,""),"") | G67: =IF('Communication Tracker'!O67="","",'Communication Tracker'!O67) | H67: =IF('Communication Tracker'!B67="","",IF(OR('Communication Tracker'!O67="Positive Reply",'Communication Tracker'!O67="Accepted",'Communication Tracker'!O67="Rejected"),"Case closed - no action needed",IF(ISNUMBER('Communication Tracker'!M67),IF('Communication Tracker'!M67>14,"URGENT - send a follow-up today",IF('Communication Tracker'!M67>=7,"Prepare follow-up - send within "&(14-'Communication Tracker'!M67)&" days","Monitoring - next follow-up in "&(14-'Communication Tracker'!M67)&" days")),"")))
A68: =IF('Communication Tracker'!B68="","",65) | B68: =IF('Communication Tracker'!B68="","",'Communication Tracker'!B68) | C68: =IF('Communication Tracker'!C68="","",'Communication Tracker'!C68) | D68: =IFERROR(IF(ISNUMBER('Communication Tracker'!M68),'Communication Tracker'!M68,""),"") | E68: =IFERROR('Communication Tracker'!L68,"") | F68: =IFERROR(IF(ISNUMBER('Communication Tracker'!N68),'Communication Tracker'!N68,""),"") | G68: =IF('Communication Tracker'!O68="","",'Communication Tracker'!O68) | H68: =IF('Communication Tracker'!B68="","",IF(OR('Communication Tracker'!O68="Positive Reply",'Communication Tracker'!O68="Accepted",'Communication Tracker'!O68="Rejected"),"Case closed - no action needed",IF(ISNUMBER('Communication Tracker'!M68),IF('Communication Tracker'!M68>14,"URGENT - send a follow-up today",IF('Communication Tracker'!M68>=7,"Prepare follow-up - send within "&(14-'Communication Tracker'!M68)&" days","Monitoring - next follow-up in "&(14-'Communication Tracker'!M68)&" days")),"")))
A69: =IF('Communication Tracker'!B69="","",66) | B69: =IF('Communication Tracker'!B69="","",'Communication Tracker'!B69) | C69: =IF('Communication Tracker'!C69="","",'Communication Tracker'!C69) | D69: =IFERROR(IF(ISNUMBER('Communication Tracker'!M69),'Communication Tracker'!M69,""),"") | E69: =IFERROR('Communication Tracker'!L69,"") | F69: =IFERROR(IF(ISNUMBER('Communication Tracker'!N69),'Communication Tracker'!N69,""),"") | G69: =IF('Communication Tracker'!O69="","",'Communication Tracker'!O69) | H69: =IF('Communication Tracker'!B69="","",IF(OR('Communication Tracker'!O69="Positive Reply",'Communication Tracker'!O69="Accepted",'Communication Tracker'!O69="Rejected"),"Case closed - no action needed",IF(ISNUMBER('Communication Tracker'!M69),IF('Communication Tracker'!M69>14,"URGENT - send a follow-up today",IF('Communication Tracker'!M69>=7,"Prepare follow-up - send within "&(14-'Communication Tracker'!M69)&" days","Monitoring - next follow-up in "&(14-'Communication Tracker'!M69)&" days")),"")))
A70: =IF('Communication Tracker'!B70="","",67) | B70: =IF('Communication Tracker'!B70="","",'Communication Tracker'!B70) | C70: =IF('Communication Tracker'!C70="","",'Communication Tracker'!C70) | D70: =IFERROR(IF(ISNUMBER('Communication Tracker'!M70),'Communication Tracker'!M70,""),"") | E70: =IFERROR('Communication Tracker'!L70,"") | F70: =IFERROR(IF(ISNUMBER('Communication Tracker'!N70),'Communication Tracker'!N70,""),"") | G70: =IF('Communication Tracker'!O70="","",'Communication Tracker'!O70) | H70: =IF('Communication Tracker'!B70="","",IF(OR('Communication Tracker'!O70="Positive Reply",'Communication Tracker'!O70="Accepted",'Communication Tracker'!O70="Rejected"),"Case closed - no action needed",IF(ISNUMBER('Communication Tracker'!M70),IF('Communication Tracker'!M70>14,"URGENT - send a follow-up today",IF('Communication Tracker'!M70>=7,"Prepare follow-up - send within "&(14-'Communication Tracker'!M70)&" days","Monitoring - next follow-up in "&(14-'Communication Tracker'!M70)&" days")),"")))
A71: =IF('Communication Tracker'!B71="","",68) | B71: =IF('Communication Tracker'!B71="","",'Communication Tracker'!B71) | C71: =IF('Communication Tracker'!C71="","",'Communication Tracker'!C71) | D71: =IFERROR(IF(ISNUMBER('Communication Tracker'!M71),'Communication Tracker'!M71,""),"") | E71: =IFERROR('Communication Tracker'!L71,"") | F71: =IFERROR(IF(ISNUMBER('Communication Tracker'!N71),'Communication Tracker'!N71,""),"") | G71: =IF('Communication Tracker'!O71="","",'Communication Tracker'!O71) | H71: =IF('Communication Tracker'!B71="","",IF(OR('Communication Tracker'!O71="Positive Reply",'Communication Tracker'!O71="Accepted",'Communication Tracker'!O71="Rejected"),"Case closed - no action needed",IF(ISNUMBER('Communication Tracker'!M71),IF('Communication Tracker'!M71>14,"URGENT - send a follow-up today",IF('Communication Tracker'!M71>=7,"Prepare follow-up - send within "&(14-'Communication Tracker'!M71)&" days","Monitoring - next follow-up in "&(14-'Communication Tracker'!M71)&" days")),"")))
A72: =IF('Communication Tracker'!B72="","",69) | B72: =IF('Communication Tracker'!B72="","",'Communication Tracker'!B72) | C72: =IF('Communication Tracker'!C72="","",'Communication Tracker'!C72) | D72: =IFERROR(IF(ISNUMBER('Communication Tracker'!M72),'Communication Tracker'!M72,""),"") | E72: =IFERROR('Communication Tracker'!L72,"") | F72: =IFERROR(IF(ISNUMBER('Communication Tracker'!N72),'Communication Tracker'!N72,""),"") | G72: =IF('Communication Tracker'!O72="","",'Communication Tracker'!O72) | H72: =IF('Communication Tracker'!B72="","",IF(OR('Communication Tracker'!O72="Positive Reply",'Communication Tracker'!O72="Accepted",'Communication Tracker'!O72="Rejected"),"Case closed - no action needed",IF(ISNUMBER('Communication Tracker'!M72),IF('Communication Tracker'!M72>14,"URGENT - send a follow-up today",IF('Communication Tracker'!M72>=7,"Prepare follow-up - send within "&(14-'Communication Tracker'!M72)&" days","Monitoring - next follow-up in "&(14-'Communication Tracker'!M72)&" days")),"")))
A73: =IF('Communication Tracker'!B73="","",70) | B73: =IF('Communication Tracker'!B73="","",'Communication Tracker'!B73) | C73: =IF('Communication Tracker'!C73="","",'Communication Tracker'!C73) | D73: =IFERROR(IF(ISNUMBER('Communication Tracker'!M73),'Communication Tracker'!M73,""),"") | E73: =IFERROR('Communication Tracker'!L73,"") | F73: =IFERROR(IF(ISNUMBER('Communication Tracker'!N73),'Communication Tracker'!N73,""),"") | G73: =IF('Communication Tracker'!O73="","",'Communication Tracker'!O73) | H73: =IF('Communication Tracker'!B73="","",IF(OR('Communication Tracker'!O73="Positive Reply",'Communication Tracker'!O73="Accepted",'Communication Tracker'!O73="Rejected"),"Case closed - no action needed",IF(ISNUMBER('Communication Tracker'!M73),IF('Communication Tracker'!M73>14,"URGENT - send a follow-up today",IF('Communication Tracker'!M73>=7,"Prepare follow-up - send within "&(14-'Communication Tracker'!M73)&" days","Monitoring - next follow-up in "&(14-'Communication Tracker'!M73)&" days")),"")))
A74: =IF('Communication Tracker'!B74="","",71) | B74: =IF('Communication Tracker'!B74="","",'Communication Tracker'!B74) | C74: =IF('Communication Tracker'!C74="","",'Communication Tracker'!C74) | D74: =IFERROR(IF(ISNUMBER('Communication Tracker'!M74),'Communication Tracker'!M74,""),"") | E74: =IFERROR('Communication Tracker'!L74,"") | F74: =IFERROR(IF(ISNUMBER('Communication Tracker'!N74),'Communication Tracker'!N74,""),"") | G74: =IF('Communication Tracker'!O74="","",'Communication Tracker'!O74) | H74: =IF('Communication Tracker'!B74="","",IF(OR('Communication Tracker'!O74="Positive Reply",'Communication Tracker'!O74="Accepted",'Communication Tracker'!O74="Rejected"),"Case closed - no action needed",IF(ISNUMBER('Communication Tracker'!M74),IF('Communication Tracker'!M74>14,"URGENT - send a follow-up today",IF('Communication Tracker'!M74>=7,"Prepare follow-up - send within "&(14-'Communication Tracker'!M74)&" days","Monitoring - next follow-up in "&(14-'Communication Tracker'!M74)&" days")),"")))
A75: =IF('Communication Tracker'!B75="","",72) | B75: =IF('Communication Tracker'!B75="","",'Communication Tracker'!B75) | C75: =IF('Communication Tracker'!C75="","",'Communication Tracker'!C75) | D75: =IFERROR(IF(ISNUMBER('Communication Tracker'!M75),'Communication Tracker'!M75,""),"") | E75: =IFERROR('Communication Tracker'!L75,"") | F75: =IFERROR(IF(ISNUMBER('Communication Tracker'!N75),'Communication Tracker'!N75,""),"") | G75: =IF('Communication Tracker'!O75="","",'Communication Tracker'!O75) | H75: =IF('Communication Tracker'!B75="","",IF(OR('Communication Tracker'!O75="Positive Reply",'Communication Tracker'!O75="Accepted",'Communication Tracker'!O75="Rejected"),"Case closed - no action needed",IF(ISNUMBER('Communication Tracker'!M75),IF('Communication Tracker'!M75>14,"URGENT - send a follow-up today",IF('Communication Tracker'!M75>=7,"Prepare follow-up - send within "&(14-'Communication Tracker'!M75)&" days","Monitoring - next follow-up in "&(14-'Communication Tracker'!M75)&" days")),"")))
A76: =IF('Communication Tracker'!B76="","",73) | B76: =IF('Communication Tracker'!B76="","",'Communication Tracker'!B76) | C76: =IF('Communication Tracker'!C76="","",'Communication Tracker'!C76) | D76: =IFERROR(IF(ISNUMBER('Communication Tracker'!M76),'Communication Tracker'!M76,""),"") | E76: =IFERROR('Communication Tracker'!L76,"") | F76: =IFERROR(IF(ISNUMBER('Communication Tracker'!N76),'Communication Tracker'!N76,""),"") | G76: =IF('Communication Tracker'!O76="","",'Communication Tracker'!O76) | H76: =IF('Communication Tracker'!B76="","",IF(OR('Communication Tracker'!O76="Positive Reply",'Communication Tracker'!O76="Accepted",'Communication Tracker'!O76="Rejected"),"Case closed - no action needed",IF(ISNUMBER('Communication Tracker'!M76),IF('Communication Tracker'!M76>14,"URGENT - send a follow-up today",IF('Communication Tracker'!M76>=7,"Prepare follow-up - send within "&(14-'Communication Tracker'!M76)&" days","Monitoring - next follow-up in "&(14-'Communication Tracker'!M76)&" days")),"")))
A77: =IF('Communication Tracker'!B77="","",74) | B77: =IF('Communication Tracker'!B77="","",'Communication Tracker'!B77) | C77: =IF('Communication Tracker'!C77="","",'Communication Tracker'!C77) | D77: =IFERROR(IF(ISNUMBER('Communication Tracker'!M77),'Communication Tracker'!M77,""),"") | E77: =IFERROR('Communication Tracker'!L77,"") | F77: =IFERROR(IF(ISNUMBER('Communication Tracker'!N77),'Communication Tracker'!N77,""),"") | G77: =IF('Communication Tracker'!O77="","",'Communication Tracker'!O77) | H77: =IF('Communication Tracker'!B77="","",IF(OR('Communication Tracker'!O77="Positive Reply",'Communication Tracker'!O77="Accepted",'Communication Tracker'!O77="Rejected"),"Case closed - no action needed",IF(ISNUMBER('Communication Tracker'!M77),IF('Communication Tracker'!M77>14,"URGENT - send a follow-up today",IF('Communication Tracker'!M77>=7,"Prepare follow-up - send within "&(14-'Communication Tracker'!M77)&" days","Monitoring - next follow-up in "&(14-'Communication Tracker'!M77)&" days")),"")))
A78: =IF('Communication Tracker'!B78="","",75) | B78: =IF('Communication Tracker'!B78="","",'Communication Tracker'!B78) | C78: =IF('Communication Tracker'!C78="","",'Communication Tracker'!C78) | D78: =IFERROR(IF(ISNUMBER('Communication Tracker'!M78),'Communication Tracker'!M78,""),"") | E78: =IFERROR('Communication Tracker'!L78,"") | F78: =IFERROR(IF(ISNUMBER('Communication Tracker'!N78),'Communication Tracker'!N78,""),"") | G78: =IF('Communication Tracker'!O78="","",'Communication Tracker'!O78) | H78: =IF('Communication Tracker'!B78="","",IF(OR('Communication Tracker'!O78="Positive Reply",'Communication Tracker'!O78="Accepted",'Communication Tracker'!O78="Rejected"),"Case closed - no action needed",IF(ISNUMBER('Communication Tracker'!M78),IF('Communication Tracker'!M78>14,"URGENT - send a follow-up today",IF('Communication Tracker'!M78>=7,"Prepare follow-up - send within "&(14-'Communication Tracker'!M78)&" days","Monitoring - next follow-up in "&(14-'Communication Tracker'!M78)&" days")),"")))
A79: =IF('Communication Tracker'!B79="","",76) | B79: =IF('Communication Tracker'!B79="","",'Communication Tracker'!B79) | C79: =IF('Communication Tracker'!C79="","",'Communication Tracker'!C79) | D79: =IFERROR(IF(ISNUMBER('Communication Tracker'!M79),'Communication Tracker'!M79,""),"") | E79: =IFERROR('Communication Tracker'!L79,"") | F79: =IFERROR(IF(ISNUMBER('Communication Tracker'!N79),'Communication Tracker'!N79,""),"") | G79: =IF('Communication Tracker'!O79="","",'Communication Tracker'!O79) | H79: =IF('Communication Tracker'!B79="","",IF(OR('Communication Tracker'!O79="Positive Reply",'Communication Tracker'!O79="Accepted",'Communication Tracker'!O79="Rejected"),"Case closed - no action needed",IF(ISNUMBER('Communication Tracker'!M79),IF('Communication Tracker'!M79>14,"URGENT - send a follow-up today",IF('Communication Tracker'!M79>=7,"Prepare follow-up - send within "&(14-'Communication Tracker'!M79)&" days","Monitoring - next follow-up in "&(14-'Communication Tracker'!M79)&" days")),"")))
A80: =IF('Communication Tracker'!B80="","",77) | B80: =IF('Communication Tracker'!B80="","",'Communication Tracker'!B80) | C80: =IF('Communication Tracker'!C80="","",'Communication Tracker'!C80) | D80: =IFERROR(IF(ISNUMBER('Communication Tracker'!M80),'Communication Tracker'!M80,""),"") | E80: =IFERROR('Communication Tracker'!L80,"") | F80: =IFERROR(IF(ISNUMBER('Communication Tracker'!N80),'Communication Tracker'!N80,""),"") | G80: =IF('Communication Tracker'!O80="","",'Communication Tracker'!O80) | H80: =IF('Communication Tracker'!B80="","",IF(OR('Communication Tracker'!O80="Positive Reply",'Communication Tracker'!O80="Accepted",'Communication Tracker'!O80="Rejected"),"Case closed - no action needed",IF(ISNUMBER('Communication Tracker'!M80),IF('Communication Tracker'!M80>14,"URGENT - send a follow-up today",IF('Communication Tracker'!M80>=7,"Prepare follow-up - send within "&(14-'Communication Tracker'!M80)&" days","Monitoring - next follow-up in "&(14-'Communication Tracker'!M80)&" days")),"")))
A81: =IF('Communication Tracker'!B81="","",78) | B81: =IF('Communication Tracker'!B81="","",'Communication Tracker'!B81) | C81: =IF('Communication Tracker'!C81="","",'Communication Tracker'!C81) | D81: =IFERROR(IF(ISNUMBER('Communication Tracker'!M81),'Communication Tracker'!M81,""),"") | E81: =IFERROR('Communication Tracker'!L81,"") | F81: =IFERROR(IF(ISNUMBER('Communication Tracker'!N81),'Communication Tracker'!N81,""),"") | G81: =IF('Communication Tracker'!O81="","",'Communication Tracker'!O81) | H81: =IF('Communication Tracker'!B81="","",IF(OR('Communication Tracker'!O81="Positive Reply",'Communication Tracker'!O81="Accepted",'Communication Tracker'!O81="Rejected"),"Case closed - no action needed",IF(ISNUMBER('Communication Tracker'!M81),IF('Communication Tracker'!M81>14,"URGENT - send a follow-up today",IF('Communication Tracker'!M81>=7,"Prepare follow-up - send within "&(14-'Communication Tracker'!M81)&" days","Monitoring - next follow-up in "&(14-'Communication Tracker'!M81)&" days")),"")))
A82: =IF('Communication Tracker'!B82="","",79) | B82: =IF('Communication Tracker'!B82="","",'Communication Tracker'!B82) | C82: =IF('Communication Tracker'!C82="","",'Communication Tracker'!C82) | D82: =IFERROR(IF(ISNUMBER('Communication Tracker'!M82),'Communication Tracker'!M82,""),"") | E82: =IFERROR('Communication Tracker'!L82,"") | F82: =IFERROR(IF(ISNUMBER('Communication Tracker'!N82),'Communication Tracker'!N82,""),"") | G82: =IF('Communication Tracker'!O82="","",'Communication Tracker'!O82) | H82: =IF('Communication Tracker'!B82="","",IF(OR('Communication Tracker'!O82="Positive Reply",'Communication Tracker'!O82="Accepted",'Communication Tracker'!O82="Rejected"),"Case closed - no action needed",IF(ISNUMBER('Communication Tracker'!M82),IF('Communication Tracker'!M82>14,"URGENT - send a follow-up today",IF('Communication Tracker'!M82>=7,"Prepare follow-up - send within "&(14-'Communication Tracker'!M82)&" days","Monitoring - next follow-up in "&(14-'Communication Tracker'!M82)&" days")),"")))
A83: =IF('Communication Tracker'!B83="","",80) | B83: =IF('Communication Tracker'!B83="","",'Communication Tracker'!B83) | C83: =IF('Communication Tracker'!C83="","",'Communication Tracker'!C83) | D83: =IFERROR(IF(ISNUMBER('Communication Tracker'!M83),'Communication Tracker'!M83,""),"") | E83: =IFERROR('Communication Tracker'!L83,"") | F83: =IFERROR(IF(ISNUMBER('Communication Tracker'!N83),'Communication Tracker'!N83,""),"") | G83: =IF('Communication Tracker'!O83="","",'Communication Tracker'!O83) | H83: =IF('Communication Tracker'!B83="","",IF(OR('Communication Tracker'!O83="Positive Reply",'Communication Tracker'!O83="Accepted",'Communication Tracker'!O83="Rejected"),"Case closed - no action needed",IF(ISNUMBER('Communication Tracker'!M83),IF('Communication Tracker'!M83>14,"URGENT - send a follow-up today",IF('Communication Tracker'!M83>=7,"Prepare follow-up - send within "&(14-'Communication Tracker'!M83)&" days","Monitoring - next follow-up in "&(14-'Communication Tracker'!M83)&" days")),"")))
A84: =IF('Communication Tracker'!B84="","",81) | B84: =IF('Communication Tracker'!B84="","",'Communication Tracker'!B84) | C84: =IF('Communication Tracker'!C84="","",'Communication Tracker'!C84) | D84: =IFERROR(IF(ISNUMBER('Communication Tracker'!M84),'Communication Tracker'!M84,""),"") | E84: =IFERROR('Communication Tracker'!L84,"") | F84: =IFERROR(IF(ISNUMBER('Communication Tracker'!N84),'Communication Tracker'!N84,""),"") | G84: =IF('Communication Tracker'!O84="","",'Communication Tracker'!O84) | H84: =IF('Communication Tracker'!B84="","",IF(OR('Communication Tracker'!O84="Positive Reply",'Communication Tracker'!O84="Accepted",'Communication Tracker'!O84="Rejected"),"Case closed - no action needed",IF(ISNUMBER('Communication Tracker'!M84),IF('Communication Tracker'!M84>14,"URGENT - send a follow-up today",IF('Communication Tracker'!M84>=7,"Prepare follow-up - send within "&(14-'Communication Tracker'!M84)&" days","Monitoring - next follow-up in "&(14-'Communication Tracker'!M84)&" days")),"")))
A85: =IF('Communication Tracker'!B85="","",82) | B85: =IF('Communication Tracker'!B85="","",'Communication Tracker'!B85) | C85: =IF('Communication Tracker'!C85="","",'Communication Tracker'!C85) | D85: =IFERROR(IF(ISNUMBER('Communication Tracker'!M85),'Communication Tracker'!M85,""),"") | E85: =IFERROR('Communication Tracker'!L85,"") | F85: =IFERROR(IF(ISNUMBER('Communication Tracker'!N85),'Communication Tracker'!N85,""),"") | G85: =IF('Communication Tracker'!O85="","",'Communication Tracker'!O85) | H85: =IF('Communication Tracker'!B85="","",IF(OR('Communication Tracker'!O85="Positive Reply",'Communication Tracker'!O85="Accepted",'Communication Tracker'!O85="Rejected"),"Case closed - no action needed",IF(ISNUMBER('Communication Tracker'!M85),IF('Communication Tracker'!M85>14,"URGENT - send a follow-up today",IF('Communication Tracker'!M85>=7,"Prepare follow-up - send within "&(14-'Communication Tracker'!M85)&" days","Monitoring - next follow-up in "&(14-'Communication Tracker'!M85)&" days")),"")))
A86: =IF('Communication Tracker'!B86="","",83) | B86: =IF('Communication Tracker'!B86="","",'Communication Tracker'!B86) | C86: =IF('Communication Tracker'!C86="","",'Communication Tracker'!C86) | D86: =IFERROR(IF(ISNUMBER('Communication Tracker'!M86),'Communication Tracker'!M86,""),"") | E86: =IFERROR('Communication Tracker'!L86,"") | F86: =IFERROR(IF(ISNUMBER('Communication Tracker'!N86),'Communication Tracker'!N86,""),"") | G86: =IF('Communication Tracker'!O86="","",'Communication Tracker'!O86) | H86: =IF('Communication Tracker'!B86="","",IF(OR('Communication Tracker'!O86="Positive Reply",'Communication Tracker'!O86="Accepted",'Communication Tracker'!O86="Rejected"),"Case closed - no action needed",IF(ISNUMBER('Communication Tracker'!M86),IF('Communication Tracker'!M86>14,"URGENT - send a follow-up today",IF('Communication Tracker'!M86>=7,"Prepare follow-up - send within "&(14-'Communication Tracker'!M86)&" days","Monitoring - next follow-up in "&(14-'Communication Tracker'!M86)&" days")),"")))
A87: =IF('Communication Tracker'!B87="","",84) | B87: =IF('Communication Tracker'!B87="","",'Communication Tracker'!B87) | C87: =IF('Communication Tracker'!C87="","",'Communication Tracker'!C87) | D87: =IFERROR(IF(ISNUMBER('Communication Tracker'!M87),'Communication Tracker'!M87,""),"") | E87: =IFERROR('Communication Tracker'!L87,"") | F87: =IFERROR(IF(ISNUMBER('Communication Tracker'!N87),'Communication Tracker'!N87,""),"") | G87: =IF('Communication Tracker'!O87="","",'Communication Tracker'!O87) | H87: =IF('Communication Tracker'!B87="","",IF(OR('Communication Tracker'!O87="Positive Reply",'Communication Tracker'!O87="Accepted",'Communication Tracker'!O87="Rejected"),"Case closed - no action needed",IF(ISNUMBER('Communication Tracker'!M87),IF('Communication Tracker'!M87>14,"URGENT - send a follow-up today",IF('Communication Tracker'!M87>=7,"Prepare follow-up - send within "&(14-'Communication Tracker'!M87)&" days","Monitoring - next follow-up in "&(14-'Communication Tracker'!M87)&" days")),"")))
A88: =IF('Communication Tracker'!B88="","",85) | B88: =IF('Communication Tracker'!B88="","",'Communication Tracker'!B88) | C88: =IF('Communication Tracker'!C88="","",'Communication Tracker'!C88) | D88: =IFERROR(IF(ISNUMBER('Communication Tracker'!M88),'Communication Tracker'!M88,""),"") | E88: =IFERROR('Communication Tracker'!L88,"") | F88: =IFERROR(IF(ISNUMBER('Communication Tracker'!N88),'Communication Tracker'!N88,""),"") | G88: =IF('Communication Tracker'!O88="","",'Communication Tracker'!O88) | H88: =IF('Communication Tracker'!B88="","",IF(OR('Communication Tracker'!O88="Positive Reply",'Communication Tracker'!O88="Accepted",'Communication Tracker'!O88="Rejected"),"Case closed - no action needed",IF(ISNUMBER('Communication Tracker'!M88),IF('Communication Tracker'!M88>14,"URGENT - send a follow-up today",IF('Communication Tracker'!M88>=7,"Prepare follow-up - send within "&(14-'Communication Tracker'!M88)&" days","Monitoring - next follow-up in "&(14-'Communication Tracker'!M88)&" days")),"")))
A89: =IF('Communication Tracker'!B89="","",86) | B89: =IF('Communication Tracker'!B89="","",'Communication Tracker'!B89) | C89: =IF('Communication Tracker'!C89="","",'Communication Tracker'!C89) | D89: =IFERROR(IF(ISNUMBER('Communication Tracker'!M89),'Communication Tracker'!M89,""),"") | E89: =IFERROR('Communication Tracker'!L89,"") | F89: =IFERROR(IF(ISNUMBER('Communication Tracker'!N89),'Communication Tracker'!N89,""),"") | G89: =IF('Communication Tracker'!O89="","",'Communication Tracker'!O89) | H89: =IF('Communication Tracker'!B89="","",IF(OR('Communication Tracker'!O89="Positive Reply",'Communication Tracker'!O89="Accepted",'Communication Tracker'!O89="Rejected"),"Case closed - no action needed",IF(ISNUMBER('Communication Tracker'!M89),IF('Communication Tracker'!M89>14,"URGENT - send a follow-up today",IF('Communication Tracker'!M89>=7,"Prepare follow-up - send within "&(14-'Communication Tracker'!M89)&" days","Monitoring - next follow-up in "&(14-'Communication Tracker'!M89)&" days")),"")))
A90: =IF('Communication Tracker'!B90="","",87) | B90: =IF('Communication Tracker'!B90="","",'Communication Tracker'!B90) | C90: =IF('Communication Tracker'!C90="","",'Communication Tracker'!C90) | D90: =IFERROR(IF(ISNUMBER('Communication Tracker'!M90),'Communication Tracker'!M90,""),"") | E90: =IFERROR('Communication Tracker'!L90,"") | F90: =IFERROR(IF(ISNUMBER('Communication Tracker'!N90),'Communication Tracker'!N90,""),"") | G90: =IF('Communication Tracker'!O90="","",'Communication Tracker'!O90) | H90: =IF('Communication Tracker'!B90="","",IF(OR('Communication Tracker'!O90="Positive Reply",'Communication Tracker'!O90="Accepted",'Communication Tracker'!O90="Rejected"),"Case closed - no action needed",IF(ISNUMBER('Communication Tracker'!M90),IF('Communication Tracker'!M90>14,"URGENT - send a follow-up today",IF('Communication Tracker'!M90>=7,"Prepare follow-up - send within "&(14-'Communication Tracker'!M90)&" days","Monitoring - next follow-up in "&(14-'Communication Tracker'!M90)&" days")),"")))
A91: =IF('Communication Tracker'!B91="","",88) | B91: =IF('Communication Tracker'!B91="","",'Communication Tracker'!B91) | C91: =IF('Communication Tracker'!C91="","",'Communication Tracker'!C91) | D91: =IFERROR(IF(ISNUMBER('Communication Tracker'!M91),'Communication Tracker'!M91,""),"") | E91: =IFERROR('Communication Tracker'!L91,"") | F91: =IFERROR(IF(ISNUMBER('Communication Tracker'!N91),'Communication Tracker'!N91,""),"") | G91: =IF('Communication Tracker'!O91="","",'Communication Tracker'!O91) | H91: =IF('Communication Tracker'!B91="","",IF(OR('Communication Tracker'!O91="Positive Reply",'Communication Tracker'!O91="Accepted",'Communication Tracker'!O91="Rejected"),"Case closed - no action needed",IF(ISNUMBER('Communication Tracker'!M91),IF('Communication Tracker'!M91>14,"URGENT - send a follow-up today",IF('Communication Tracker'!M91>=7,"Prepare follow-up - send within "&(14-'Communication Tracker'!M91)&" days","Monitoring - next follow-up in "&(14-'Communication Tracker'!M91)&" days")),"")))
A92: =IF('Communication Tracker'!B92="","",89) | B92: =IF('Communication Tracker'!B92="","",'Communication Tracker'!B92) | C92: =IF('Communication Tracker'!C92="","",'Communication Tracker'!C92) | D92: =IFERROR(IF(ISNUMBER('Communication Tracker'!M92),'Communication Tracker'!M92,""),"") | E92: =IFERROR('Communication Tracker'!L92,"") | F92: =IFERROR(IF(ISNUMBER('Communication Tracker'!N92),'Communication Tracker'!N92,""),"") | G92: =IF('Communication Tracker'!O92="","",'Communication Tracker'!O92) | H92: =IF('Communication Tracker'!B92="","",IF(OR('Communication Tracker'!O92="Positive Reply",'Communication Tracker'!O92="Accepted",'Communication Tracker'!O92="Rejected"),"Case closed - no action needed",IF(ISNUMBER('Communication Tracker'!M92),IF('Communication Tracker'!M92>14,"URGENT - send a follow-up today",IF('Communication Tracker'!M92>=7,"Prepare follow-up - send within "&(14-'Communication Tracker'!M92)&" days","Monitoring - next follow-up in "&(14-'Communication Tracker'!M92)&" days")),"")))
A93: =IF('Communication Tracker'!B93="","",90) | B93: =IF('Communication Tracker'!B93="","",'Communication Tracker'!B93) | C93: =IF('Communication Tracker'!C93="","",'Communication Tracker'!C93) | D93: =IFERROR(IF(ISNUMBER('Communication Tracker'!M93),'Communication Tracker'!M93,""),"") | E93: =IFERROR('Communication Tracker'!L93,"") | F93: =IFERROR(IF(ISNUMBER('Communication Tracker'!N93),'Communication Tracker'!N93,""),"") | G93: =IF('Communication Tracker'!O93="","",'Communication Tracker'!O93) | H93: =IF('Communication Tracker'!B93="","",IF(OR('Communication Tracker'!O93="Positive Reply",'Communication Tracker'!O93="Accepted",'Communication Tracker'!O93="Rejected"),"Case closed - no action needed",IF(ISNUMBER('Communication Tracker'!M93),IF('Communication Tracker'!M93>14,"URGENT - send a follow-up today",IF('Communication Tracker'!M93>=7,"Prepare follow-up - send within "&(14-'Communication Tracker'!M93)&" days","Monitoring - next follow-up in "&(14-'Communication Tracker'!M93)&" days")),"")))
A94: =IF('Communication Tracker'!B94="","",91) | B94: =IF('Communication Tracker'!B94="","",'Communication Tracker'!B94) | C94: =IF('Communication Tracker'!C94="","",'Communication Tracker'!C94) | D94: =IFERROR(IF(ISNUMBER('Communication Tracker'!M94),'Communication Tracker'!M94,""),"") | E94: =IFERROR('Communication Tracker'!L94,"") | F94: =IFERROR(IF(ISNUMBER('Communication Tracker'!N94),'Communication Tracker'!N94,""),"") | G94: =IF('Communication Tracker'!O94="","",'Communication Tracker'!O94) | H94: =IF('Communication Tracker'!B94="","",IF(OR('Communication Tracker'!O94="Positive Reply",'Communication Tracker'!O94="Accepted",'Communication Tracker'!O94="Rejected"),"Case closed - no action needed",IF(ISNUMBER('Communication Tracker'!M94),IF('Communication Tracker'!M94>14,"URGENT - send a follow-up today",IF('Communication Tracker'!M94>=7,"Prepare follow-up - send within "&(14-'Communication Tracker'!M94)&" days","Monitoring - next follow-up in "&(14-'Communication Tracker'!M94)&" days")),"")))
A95: =IF('Communication Tracker'!B95="","",92) | B95: =IF('Communication Tracker'!B95="","",'Communication Tracker'!B95) | C95: =IF('Communication Tracker'!C95="","",'Communication Tracker'!C95) | D95: =IFERROR(IF(ISNUMBER('Communication Tracker'!M95),'Communication Tracker'!M95,""),"") | E95: =IFERROR('Communication Tracker'!L95,"") | F95: =IFERROR(IF(ISNUMBER('Communication Tracker'!N95),'Communication Tracker'!N95,""),"") | G95: =IF('Communication Tracker'!O95="","",'Communication Tracker'!O95) | H95: =IF('Communication Tracker'!B95="","",IF(OR('Communication Tracker'!O95="Positive Reply",'Communication Tracker'!O95="Accepted",'Communication Tracker'!O95="Rejected"),"Case closed - no action needed",IF(ISNUMBER('Communication Tracker'!M95),IF('Communication Tracker'!M95>14,"URGENT - send a follow-up today",IF('Communication Tracker'!M95>=7,"Prepare follow-up - send within "&(14-'Communication Tracker'!M95)&" days","Monitoring - next follow-up in "&(14-'Communication Tracker'!M95)&" days")),"")))
A96: =IF('Communication Tracker'!B96="","",93) | B96: =IF('Communication Tracker'!B96="","",'Communication Tracker'!B96) | C96: =IF('Communication Tracker'!C96="","",'Communication Tracker'!C96) | D96: =IFERROR(IF(ISNUMBER('Communication Tracker'!M96),'Communication Tracker'!M96,""),"") | E96: =IFERROR('Communication Tracker'!L96,"") | F96: =IFERROR(IF(ISNUMBER('Communication Tracker'!N96),'Communication Tracker'!N96,""),"") | G96: =IF('Communication Tracker'!O96="","",'Communication Tracker'!O96) | H96: =IF('Communication Tracker'!B96="","",IF(OR('Communication Tracker'!O96="Positive Reply",'Communication Tracker'!O96="Accepted",'Communication Tracker'!O96="Rejected"),"Case closed - no action needed",IF(ISNUMBER('Communication Tracker'!M96),IF('Communication Tracker'!M96>14,"URGENT - send a follow-up today",IF('Communication Tracker'!M96>=7,"Prepare follow-up - send within "&(14-'Communication Tracker'!M96)&" days","Monitoring - next follow-up in "&(14-'Communication Tracker'!M96)&" days")),"")))
A97: =IF('Communication Tracker'!B97="","",94) | B97: =IF('Communication Tracker'!B97="","",'Communication Tracker'!B97) | C97: =IF('Communication Tracker'!C97="","",'Communication Tracker'!C97) | D97: =IFERROR(IF(ISNUMBER('Communication Tracker'!M97),'Communication Tracker'!M97,""),"") | E97: =IFERROR('Communication Tracker'!L97,"") | F97: =IFERROR(IF(ISNUMBER('Communication Tracker'!N97),'Communication Tracker'!N97,""),"") | G97: =IF('Communication Tracker'!O97="","",'Communication Tracker'!O97) | H97: =IF('Communication Tracker'!B97="","",IF(OR('Communication Tracker'!O97="Positive Reply",'Communication Tracker'!O97="Accepted",'Communication Tracker'!O97="Rejected"),"Case closed - no action needed",IF(ISNUMBER('Communication Tracker'!M97),IF('Communication Tracker'!M97>14,"URGENT - send a follow-up today",IF('Communication Tracker'!M97>=7,"Prepare follow-up - send within "&(14-'Communication Tracker'!M97)&" days","Monitoring - next follow-up in "&(14-'Communication Tracker'!M97)&" days")),"")))
A98: =IF('Communication Tracker'!B98="","",95) | B98: =IF('Communication Tracker'!B98="","",'Communication Tracker'!B98) | C98: =IF('Communication Tracker'!C98="","",'Communication Tracker'!C98) | D98: =IFERROR(IF(ISNUMBER('Communication Tracker'!M98),'Communication Tracker'!M98,""),"") | E98: =IFERROR('Communication Tracker'!L98,"") | F98: =IFERROR(IF(ISNUMBER('Communication Tracker'!N98),'Communication Tracker'!N98,""),"") | G98: =IF('Communication Tracker'!O98="","",'Communication Tracker'!O98) | H98: =IF('Communication Tracker'!B98="","",IF(OR('Communication Tracker'!O98="Positive Reply",'Communication Tracker'!O98="Accepted",'Communication Tracker'!O98="Rejected"),"Case closed - no action needed",IF(ISNUMBER('Communication Tracker'!M98),IF('Communication Tracker'!M98>14,"URGENT - send a follow-up today",IF('Communication Tracker'!M98>=7,"Prepare follow-up - send within "&(14-'Communication Tracker'!M98)&" days","Monitoring - next follow-up in "&(14-'Communication Tracker'!M98)&" days")),"")))
A99: =IF('Communication Tracker'!B99="","",96) | B99: =IF('Communication Tracker'!B99="","",'Communication Tracker'!B99) | C99: =IF('Communication Tracker'!C99="","",'Communication Tracker'!C99) | D99: =IFERROR(IF(ISNUMBER('Communication Tracker'!M99),'Communication Tracker'!M99,""),"") | E99: =IFERROR('Communication Tracker'!L99,"") | F99: =IFERROR(IF(ISNUMBER('Communication Tracker'!N99),'Communication Tracker'!N99,""),"") | G99: =IF('Communication Tracker'!O99="","",'Communication Tracker'!O99) | H99: =IF('Communication Tracker'!B99="","",IF(OR('Communication Tracker'!O99="Positive Reply",'Communication Tracker'!O99="Accepted",'Communication Tracker'!O99="Rejected"),"Case closed - no action needed",IF(ISNUMBER('Communication Tracker'!M99),IF('Communication Tracker'!M99>14,"URGENT - send a follow-up today",IF('Communication Tracker'!M99>=7,"Prepare follow-up - send within "&(14-'Communication Tracker'!M99)&" days","Monitoring - next follow-up in "&(14-'Communication Tracker'!M99)&" days")),"")))
A100: =IF('Communication Tracker'!B100="","",97) | B100: =IF('Communication Tracker'!B100="","",'Communication Tracker'!B100) | C100: =IF('Communication Tracker'!C100="","",'Communication Tracker'!C100) | D100: =IFERROR(IF(ISNUMBER('Communication Tracker'!M100),'Communication Tracker'!M100,""),"") | E100: =IFERROR('Communication Tracker'!L100,"") | F100: =IFERROR(IF(ISNUMBER('Communication Tracker'!N100),'Communication Tracker'!N100,""),"") | G100: =IF('Communication Tracker'!O100="","",'Communication Tracker'!O100) | H100: =IF('Communication Tracker'!B100="","",IF(OR('Communication Tracker'!O100="Positive Reply",'Communication Tracker'!O100="Accepted",'Communication Tracker'!O100="Rejected"),"Case closed - no action needed",IF(ISNUMBER('Communication Tracker'!M100),IF('Communication Tracker'!M100>14,"URGENT - send a follow-up today",IF('Communication Tracker'!M100>=7,"Prepare follow-up - send within "&(14-'Communication Tracker'!M100)&" days","Monitoring - next follow-up in "&(14-'Communication Tracker'!M100)&" days")),"")))
...

Sheet Email Templates
A1: Email Templates
A2: Replace every [bracketed value] with your own details before sending. Keep the first email under 200 words. | D2: ◀ Back to Dashboard
A3: Code | B3: Template | C3: When to Use | D3: Subject Line | E3: Email Body
A4: Template A | B4: Cold Email - First Contact | C4: First email to a new professor | D4: PhD/Postdoc Inquiry - [Research Area] - [Your Name] | E4: Dear Professor [Last Name], My name is [Your Name]. I hold a [MSc/PhD] in [Field] from [Your University] and have been following your group's work on [specific topic] with great interest. Your recent paper "[Paper Title]" ([Year]) caught my attention, particularly [one specific point from the paper]. It connects closely with my own experience in [your relevant experience]. If there is an opening for a [PhD/postdoc] position in your group, I would be glad to send my CV and a short research proposal for your consideration. Kind regards, [Full Name] [Email] | [LinkedIn]
A5: Template B | B5: First Follow-up | C5: 14 days after the first email, no reply | D5: Following Up - PhD/Postdoc Inquiry - [Your Name] | E5: Dear Professor [Last Name], I hope this message finds you well. I am following up on my email of [date of first email]. I understand your schedule is very full. I simply wanted to ask whether there might be any opportunity to join your group as a [PhD student/postdoc]. I would be happy to provide any further documents you may need. Kind regards, [Full Name]
A6: Template C | B6: Second and Final Follow-up | C6: 14 days after the first follow-up | D6: Final Follow-up - [Your Name] - [Research Area] | E6: Dear Professor [Last Name], Apologies for writing once more; this will be my last follow-up. If there are no openings in your group at the moment, I would be grateful if you could point me toward a colleague who may be recruiting in a related area. Thank you for your time. Kind regards, [Full Name]
A7: Template D | B7: Reply to Expressed Interest | C7: The professor replied positively | D7: Re: [Original Subject] - Research Proposal & Materials | E7: Dear Professor [Last Name], Thank you very much for your kind reply. I am delighted that my research interests align with the goals of your group. Please find attached: - Full CV ([version]) - Two-page research proposal - [Other document] I would be glad to arrange an online conversation at any time that suits you. Kind regards, [Full Name]
A8: Template E | B8: Thank-you After Interview | C8: Within 24 hours of the meeting | D8: Thank You - Our Meeting on [Date] - [Your Name] | E8: Dear Professor [Last Name], Thank you for taking the time to meet with me today. I found our discussion about [specific topic raised] very valuable. After our meeting I thought further about [point raised] and [one short idea or answer]. I look forward to hearing from you. Kind regards, [Full Name]
A10: Personalize every email. Always cite one specific paper by the professor, and never send the same text to two people in the same group.

Sheet How It Works
A1: How It Works
A2: Built by ApplyAbroadLab.com | Free to use and share with attribution | B2: ◀ Back to Dashboard
A3: Step | B3: What to do
A4: 1. Add positions | B4: Open Position Database and add your target positions. Each ID must be unique; the same ID connects the position to the other sheets. Days to Deadline is calculated and colored automatically.
A5: 2. Log each email | B5: In Communication Tracker, pick the position ID from the drop-down; title, university and country fill in by themselves. Enter the date of your first email and which template and CV version you used.
A6: 3. Check alerts daily | B6: Open Follow-up Alerts every morning. A red row means send a follow-up today, amber means prepare one, green means wait.
A7: 4. Record replies | B7: As soon as a reply arrives, log it in Response Management. Update the Status in Communication Tracker too so the day counter stops.
A8: 5. Watch the dashboard | B8: Seven metrics, four charts, the deadline list and the follow-up list all update on their own. Every card and row is a link: click it to jump to the exact source cell, which is highlighted in a matching color.
A9: Color guide | B9: Red = urgent or rejected | Amber = warning | Green = on track | Grey cells = formulas, leave them alone | Colored column headers = dashboard link targets
A10: About the sample data | B10: The 20 positions are real, taken from the ApplyAbroadLab.com database on 27 September 2026. The email dates, statuses and replies are illustrative only so that the charts have something to show. Clear them before real use.
A11: Full position database | B11: Browse all current PhD and postdoc positions at applyabroadlab.com/position/
